{
    "name": "root",
    "gauges": {
        "SelfDrive.Policy.Entropy.mean": {
            "value": 1.0630953311920166,
            "min": 1.0630953311920166,
            "max": 1.272613763809204,
            "count": 67
        },
        "SelfDrive.Policy.Entropy.sum": {
            "value": 20988.69140625,
            "min": 20988.69140625,
            "max": 25672.46484375,
            "count": 67
        },
        "SelfDrive.Environment.EpisodeLength.mean": {
            "value": 2359.222222222222,
            "min": 863.304347826087,
            "max": 2447.75,
            "count": 67
        },
        "SelfDrive.Environment.EpisodeLength.sum": {
            "value": 21233.0,
            "min": 17311.0,
            "max": 21890.0,
            "count": 67
        },
        "SelfDrive.Step.mean": {
            "value": 2339369.0,
            "min": 1019925.0,
            "max": 2339369.0,
            "count": 67
        },
        "SelfDrive.Step.sum": {
            "value": 2339369.0,
            "min": 1019925.0,
            "max": 2339369.0,
            "count": 67
        },
        "SelfDrive.Policy.ExtrinsicValueEstimate.mean": {
            "value": 30.25502586364746,
            "min": -1.2433087825775146,
            "max": 44.0655517578125,
            "count": 67
        },
        "SelfDrive.Policy.ExtrinsicValueEstimate.sum": {
            "value": 907.6507568359375,
            "min": -42.272499084472656,
            "max": 1381.4136962890625,
            "count": 67
        },
        "SelfDrive.Policy.CuriosityValueEstimate.mean": {
            "value": 0.15364189445972443,
            "min": 0.07097823172807693,
            "max": 5.33787202835083,
            "count": 67
        },
        "SelfDrive.Policy.CuriosityValueEstimate.sum": {
            "value": 4.609256744384766,
            "min": 2.17699933052063,
            "max": 197.5012664794922,
            "count": 67
        },
        "SelfDrive.Environment.CumulativeReward.mean": {
            "value": 728.8714489936829,
            "min": 9.029470617120916,
            "max": 855.9496013641358,
            "count": 67
        },
        "SelfDrive.Environment.CumulativeReward.sum": {
            "value": 5830.971591949463,
            "min": 198.64835357666016,
            "max": 8559.496013641357,
            "count": 67
        },
        "SelfDrive.Policy.ExtrinsicReward.mean": {
            "value": 728.8714489936829,
            "min": 9.029470617120916,
            "max": 855.9496013641358,
            "count": 67
        },
        "SelfDrive.Policy.ExtrinsicReward.sum": {
            "value": 5830.971591949463,
            "min": 198.64835357666016,
            "max": 8559.496013641357,
            "count": 67
        },
        "SelfDrive.Policy.CuriosityReward.mean": {
            "value": 3.1997154887358192,
            "min": 2.4036510879018653,
            "max": 40.72584480287409,
            "count": 67
        },
        "SelfDrive.Policy.CuriosityReward.sum": {
            "value": 25.597723909886554,
            "min": 25.597723909886554,
            "max": 773.7910512546077,
            "count": 67
        },
        "SelfDrive.Losses.PolicyLoss.mean": {
            "value": 0.048085792033470215,
            "min": 0.04403294721309529,
            "max": 0.05496208635193673,
            "count": 67
        },
        "SelfDrive.Losses.PolicyLoss.sum": {
            "value": 0.19234316813388086,
            "min": 0.13209884163928587,
            "max": 0.21627344177607236,
            "count": 67
        },
        "SelfDrive.Losses.ValueLoss.mean": {
            "value": 14.756092495010012,
            "min": 10.541634010658377,
            "max": 38.78037042343255,
            "count": 67
        },
        "SelfDrive.Losses.ValueLoss.sum": {
            "value": 59.02436998004005,
            "min": 37.893221356032726,
            "max": 116.34111127029766,
            "count": 67
        },
        "SelfDrive.Policy.LearningRate.mean": {
            "value": 2.0453883182069994e-05,
            "min": 2.0453883182069994e-05,
            "max": 0.00017871244042919998,
            "count": 67
        },
        "SelfDrive.Policy.LearningRate.sum": {
            "value": 8.181553272827998e-05,
            "min": 6.8199277267e-05,
            "max": 0.0007058810847063598,
            "count": 67
        },
        "SelfDrive.Policy.Epsilon.mean": {
            "value": 0.11022689500000002,
            "min": 0.11022689500000002,
            "max": 0.1893562,
            "count": 67
        },
        "SelfDrive.Policy.Epsilon.sum": {
            "value": 0.4409075800000001,
            "min": 0.33409949999999994,
            "max": 0.75294046,
            "count": 67
        },
        "SelfDrive.Policy.Beta.mean": {
            "value": 0.00021385610699999999,
            "min": 0.00021385610699999999,
            "max": 0.0017911669200000003,
            "count": 67
        },
        "SelfDrive.Policy.Beta.sum": {
            "value": 0.0008554244279999999,
            "min": 0.0007097167,
            "max": 0.007075279836,
            "count": 67
        },
        "SelfDrive.Losses.CuriosityForwardLoss.mean": {
            "value": 0.01446163794801881,
            "min": 0.012865590686744555,
            "max": 0.3762416124084231,
            "count": 67
        },
        "SelfDrive.Losses.CuriosityForwardLoss.sum": {
            "value": 0.05784655179207524,
            "min": 0.0402995587560828,
            "max": 1.1287248372252692,
            "count": 67
        },
        "SelfDrive.Losses.CuriosityInverseLoss.mean": {
            "value": 1.4507003571305956,
            "min": 1.4273035529010738,
            "max": 2.9048099541664123,
            "count": 67
        },
        "SelfDrive.Losses.CuriosityInverseLoss.sum": {
            "value": 5.802801428522383,
            "min": 4.281910658703222,
            "max": 9.03954140070713,
            "count": 67
        },
        "SelfDrive.IsTraining.mean": {
            "value": 1.0,
            "min": 1.0,
            "max": 1.0,
            "count": 67
        },
        "SelfDrive.IsTraining.sum": {
            "value": 1.0,
            "min": 1.0,
            "max": 1.0,
            "count": 67
        }
    },
    "metadata": {
        "timer_format_version": "0.1.0",
        "start_time_seconds": "1709500658",
        "python_version": "3.9.13 (tags/v3.9.13:6de2ca5, May 17 2022, 16:36:42) [MSC v.1929 64 bit (AMD64)]",
        "command_line_arguments": "C:\\Users\\lukew\\OneDrive\\Desktop\\Project\\Car Simulation\\venv\\Scripts\\mlagents-learn Assets\\SelfDrivePPO.yaml --run-id=4-256-TrafficCurriculumLights --time-scale=3 --resume",
        "mlagents_version": "0.30.0",
        "mlagents_envs_version": "0.30.0",
        "communication_protocol_version": "1.5.0",
        "pytorch_version": "2.1.0+cpu",
        "numpy_version": "1.21.2",
        "end_time_seconds": "1709510292"
    },
    "total": 9634.4665244,
    "count": 1,
    "self": 0.004613200000676443,
    "children": {
        "run_training.setup": {
            "total": 0.08123769999999997,
            "count": 1,
            "self": 0.08123769999999997
        },
        "TrainerController.start_learning": {
            "total": 9634.3806735,
            "count": 1,
            "self": 27.148269300098036,
            "children": {
                "TrainerController._reset_env": {
                    "total": 4.6634827,
                    "count": 1,
                    "self": 4.6634827
                },
                "TrainerController.advance": {
                    "total": 9602.502829599902,
                    "count": 1353059,
                    "self": 12.751786199834896,
                    "children": {
                        "env_step": {
                            "total": 9589.751043400067,
                            "count": 1353059,
                            "self": 8569.47158929949,