{
    "name": "root",
    "gauges": {
        "SelfDrive.Policy.Entropy.mean": {
            "value": 0.7266492247581482,
            "min": 0.7266492247581482,
            "max": 0.7308850288391113,
            "count": 3
        },
        "SelfDrive.Policy.Entropy.sum": {
            "value": 14690.66796875,
            "min": 5562.76611328125,
            "max": 14690.66796875,
            "count": 3
        },
        "SelfDrive.Step.mean": {
            "value": 5119486.0,
            "min": 5079266.0,
            "max": 5119486.0,
            "count": 3
        },
        "SelfDrive.Step.sum": {
            "value": 5119486.0,
            "min": 5079266.0,
            "max": 5119486.0,
            "count": 3
        },
        "SelfDrive.Policy.ExtrinsicValueEstimate.mean": {
            "value": 30.147357940673828,
            "min": 25.633752822875977,
            "max": 30.147357940673828,
            "count": 3
        },
        "SelfDrive.Policy.ExtrinsicValueEstimate.sum": {
            "value": 934.568115234375,
            "min": 307.60504150390625,
            "max": 934.568115234375,
            "count": 3
        },
        "SelfDrive.Policy.CuriosityValueEstimate.mean": {
            "value": 2.7913691997528076,
            "min": 2.7697105407714844,
            "max": 2.9208602905273438,
            "count": 3
        },
        "SelfDrive.Policy.CuriosityValueEstimate.sum": {
            "value": 86.5324478149414,
            "min": 35.050323486328125,
            "max": 88.6307373046875,
            "count": 3
        },
        "SelfDrive.Environment.EpisodeLength.mean": {
            "value": 1494.25,
            "min": 1142.5,
            "max": 1494.25,
            "count": 3
        },
        "SelfDrive.Environment.EpisodeLength.sum": {
            "value": 17931.0,
            "min": 6855.0,
            "max": 20013.0,
            "count": 3
        },
        "SelfDrive.Environment.CumulativeReward.mean": {
            "value": 374.91200192769367,
            "min": 305.1538378397624,
            "max": 402.6773474557059,
            "count": 3
        },
        "SelfDrive.Environment.CumulativeReward.sum": {
            "value": 4498.944023132324,
            "min": 1830.9230270385742,
            "max": 5637.482864379883,
            "count": 3
        },
        "SelfDrive.Policy.ExtrinsicReward.mean": {
            "value": 374.91200192769367,
            "min": 305.1538378397624,
            "max": 402.6773474557059,
            "count": 3
        },
        "SelfDrive.Policy.ExtrinsicReward.sum": {
            "value": 4498.944023132324,
            "min": 1830.9230270385742,
            "max": 5637.482864379883,
            "count": 3
        },
        "SelfDrive.Policy.CuriosityReward.mean": {
            "value": 24.566638280948002,
            "min": 14.706639568010965,
            "max": 47.471984582287924,
            "count": 3
        },
        "SelfDrive.Policy.CuriosityReward.sum": {
            "value": 294.79965937137604,
            "min": 88.2398374080658,
            "max": 664.607784152031,
            "count": 3
        },
        "SelfDrive.Losses.PolicyLoss.mean": {
            "value": 0.04907794063413096,
            "min": 0.04907794063413096,
            "max": 0.051482323991755646,
            "count": 3
        },
        "SelfDrive.Losses.PolicyLoss.sum": {
            "value": 0.14723382190239287,
            "min": 0.051482323991755646,
            "max": 0.20345621153847776,
            "count": 3
        },
        "SelfDrive.Losses.ValueLoss.mean": {
            "value": 13.928591895268594,
            "min": 11.377672242031986,
            "max": 13.928591895268594,
            "count": 3
        },
        "SelfDrive.Losses.ValueLoss.sum": {
            "value": 41.78577568580578,
            "min": 12.751970827011835,
            "max": 45.510688968127944,
            "count": 3
        },
        "SelfDrive.Policy.LearningRate.mean": {
            "value": 4.450010183332777e-05,
            "min": 4.450010183332777e-05,
            "max": 4.6115334628249983e-05,
            "count": 3
        },
        "SelfDrive.Policy.LearningRate.sum": {
            "value": 0.00013350030549998332,
            "min": 4.6115334628249983e-05,
            "max": 0.0001817330394224333,
            "count": 3
        },
        "SelfDrive.Policy.Epsilon.mean": {
            "value": 0.12225000833333334,
            "min": 0.12225000833333334,
            "max": 0.12305762499999996,
            "count": 3
        },
        "SelfDrive.Policy.Epsilon.sum": {
            "value": 0.36675002500000004,
            "min": 0.12305762499999996,
            "max": 0.49086635000000006,
            "count": 3
        },
        "SelfDrive.Policy.Beta.mean": {
            "value": 0.00045351683277777783,
            "min": 0.00045351683277777783,
            "max": 0.00046961532499999984,
            "count": 3
        },
        "SelfDrive.Policy.Beta.sum": {
            "value": 0.0013605504983333334,
            "min": 0.00046961532499999984,
            "max": 0.0018512692433333335,
            "count": 3
        },
        "SelfDrive.Losses.CuriosityForwardLoss.mean": {
            "value": 2.968404358266161,
            "min": 2.968404358266161,
            "max": 8.031823221984364,
            "count": 3
        },
        "SelfDrive.Losses.CuriosityForwardLoss.sum": {
            "value": 8.905213074798482,
            "min": 8.031823221984364,
            "max": 18.38084644849795,
            "count": 3
        },
        "SelfDrive.Losses.CuriosityInverseLoss.mean": {
            "value": 1.1900041414881166,
            "min": 1.1686557315644763,
            "max": 1.633762633965,
            "count": 3
        },
        "SelfDrive.Losses.CuriosityInverseLoss.sum": {
            "value": 3.5700124244643496,
            "min": 1.1686557315644763,
            "max": 6.53505053586,
            "count": 3
        },
        "SelfDrive.IsTraining.mean": {
            "value": 1.0,
            "min": 1.0,
            "max": 1.0,
            "count": 3
        },
        "SelfDrive.IsTraining.sum": {
            "value": 1.0,
            "min": 1.0,
            "max": 1.0,
            "count": 3
        }
    },
    "metadata": {
        "timer_format_version": "0.1.0",
        "start_time_seconds": "1709411094",
        "python_version": "3.9.13 (tags/v3.9.13:6de2ca5, May 17 2022, 16:36:42) [MSC v.1929 64 bit (AMD64)]",
        "command_line_arguments": "C:\\Users\\lukew\\OneDrive\\Desktop\\Project\\Car Simulation\\venv\\Scripts\\mlagents-learn Assets\\SelfDrivePPO.yaml --run-id=4-256-TrafficCurriculum --time-scale=3 --resume",
        "mlagents_version": "0.30.0",
        "mlagents_envs_version": "0.30.0",
        "communication_protocol_version": "1.5.0",
        "pytorch_version": "2.1.0+cpu",
        "numpy_version": "1.21.2",
        "end_time_seconds": "1709411761"
    },
    "total": 667.3137401,
    "count": 1,
    "self": 10.004268999999908,
    "children": {
        "run_training.setup": {
            "total": 0.0987104999999997,
            "count": 1,
            "self": 0.0987104999999997
        },
        "TrainerController.start_learning": {
            "total": 657.2107606000001,
            "count": 1,
            "self": 2.3660560000054147,
            "children": {
                "TrainerController._reset_env": {
                    "total": 12.3966154,
                    "count": 1,
                    "self": 12.3966154
                },
                "TrainerController.advance": {
                    "total": 642.3681427999946,
                    "count": 59471,
                    "self": 0.6003597999920203,
                    "children": {
                        "env_step": {
                            "total": 641.7677830000026,
                            "count": 59471,
                            "self": 595.447281399989,