{
    "name": "root",
    "gauges": {
        "SelfDrive.Policy.Entropy.mean": {
            "value": 0.6244564056396484,
            "min": 0.5179559588432312,
            "max": 1.29569411277771,
            "count": 17
        },
        "SelfDrive.Policy.Entropy.sum": {
            "value": 12617.7666015625,
            "min": 10381.9091796875,
            "max": 25990.67578125,
            "count": 17
        },
        "SelfDrive.Step.mean": {
            "value": 339990.0,
            "min": 19940.0,
            "max": 339990.0,
            "count": 17
        },
        "SelfDrive.Step.sum": {
            "value": 339990.0,
            "min": 19940.0,
            "max": 339990.0,
            "count": 17
        },
        "SelfDrive.Policy.ExtrinsicValue.mean": {
            "value": -22.198318481445312,
            "min": -22.198318481445312,
            "max": 11.584436416625977,
            "count": 17
        },
        "SelfDrive.Policy.ExtrinsicValue.sum": {
            "value": -2552.806640625,
            "min": -2552.806640625,
            "max": 1320.625732421875,
            "count": 17
        },
        "SelfDrive.Policy.GailValue.mean": {
            "value": 3.685164451599121,
            "min": 3.685164451599121,
            "max": 20.1179256439209,
            "count": 17
        },
        "SelfDrive.Policy.GailValue.sum": {
            "value": 423.7939147949219,
            "min": 423.7939147949219,
            "max": 2293.443603515625,
            "count": 17
        },
        "SelfDrive.Losses.PolicyLoss.mean": {
            "value": 8.816230750661246,
            "min": -14.794727417087024,
            "max": 8.816230750661246,
            "count": 17
        },
        "SelfDrive.Losses.PolicyLoss.sum": {
            "value": 17667.726424325137,
            "min": -29515.481197088615,
            "max": 17667.726424325137,
            "count": 17
        },
        "SelfDrive.Losses.ValueLoss.mean": {
            "value": 0.0673914936447495,
            "min": 0.06188399454973877,
            "max": 0.8305463297939515,
            "count": 17
        },
        "SelfDrive.Losses.ValueLoss.sum": {
            "value": 135.052553264078,
            "min": 124.0155250776765,
            "max": 1655.2788352793452,
            "count": 17
        },
        "SelfDrive.Losses.Q1Loss.mean": {
            "value": 3.8173609473973573,
            "min": 3.8173609473973573,
            "max": 9.713218183895036,
            "count": 17
        },
        "SelfDrive.Losses.Q1Loss.sum": {
            "value": 7649.991338584304,
            "min": 7649.991338584304,
            "max": 19358.443840502805,
            "count": 17
        },
        "SelfDrive.Losses.Q2Loss.mean": {
            "value": 3.8176371230448547,
            "min": 3.8176371230448547,
            "max": 9.779177104469643,
            "count": 17
        },
        "SelfDrive.Losses.Q2Loss.sum": {
            "value": 7650.544794581889,
            "min": 7650.544794581889,
            "max": 19489.899969207996,
            "count": 17
        },
        "SelfDrive.Policy.ContinuousEntropyCoeff.mean": {
            "value": 0.00430796862482903,
            "min": 0.00430796862482903,
            "max": 0.7539246976945561,
            "count": 17
        },
        "SelfDrive.Policy.ContinuousEntropyCoeff.sum": {
            "value": 8.633169124157376,
            "min": 8.633169124157376,
            "max": 1502.5719225052503,
            "count": 17
        },
        "SelfDrive.Policy.LearningRate.mean": {
            "value": 0.0003,
            "min": 0.0003,
            "max": 0.00030000000000000003,
            "count": 17
        },
        "SelfDrive.Policy.LearningRate.sum": {
            "value": 0.6012,
            "min": 0.5979,
            "max": 0.6063000000000001,
            "count": 17
        },
        "SelfDrive.Policy.GAILPolicyEstimate.mean": {
            "value": 0.00010550963408874921,
            "min": 0.00010550963408874921,
            "max": 0.024838217980972226,
            "count": 17
        },
        "SelfDrive.Policy.GAILPolicyEstimate.sum": {
            "value": 0.21144130671385342,
            "min": 0.21144130671385342,
            "max": 49.502568436077645,
            "count": 17
        },
        "SelfDrive.Policy.GAILExpertEstimate.mean": {
            "value": 0.999761719178991,
            "min": 0.963029176416453,
            "max": 0.999761719178991,
            "count": 17
        },
        "SelfDrive.Policy.GAILExpertEstimate.sum": {
            "value": 2003.522485234698,
            "min": 1919.3171485979908,
            "max": 2020.0418037378067,
            "count": 17
        },
        "SelfDrive.Losses.GAILLoss.mean": {
            "value": 0.00035230347040196715,
            "min": 0.00035230347040196715,
            "max": 0.07219040704739046,
            "count": 17
        },
        "SelfDrive.Losses.GAILLoss.sum": {
            "value": 0.7060161546855421,
            "min": 0.7060161546855421,
            "max": 143.8754812454492,
            "count": 17
        },
        "SelfDrive.Policy.GAILGradMagLoss.mean": {
            "value": 0.0009952247647105968,
            "min": 0.0009952247647105968,
            "max": 0.3225083614305816,
            "count": 17
        },
        "SelfDrive.Policy.GAILGradMagLoss.sum": {
            "value": 1.9944304284800358,
            "min": 1.9944304284800358,
            "max": 642.7591643311491,
            "count": 17
        },
        "SelfDrive.Environment.EpisodeLength.mean": {
            "value": 349.0,
            "min": 345.8448275862069,
            "max": 349.0,
            "count": 17
        },
        "SelfDrive.Environment.EpisodeLength.sum": {
            "value": 19893.0,
            "min": 19876.0,
            "max": 20242.0,
            "count": 17
        },
        "SelfDrive.Environment.CumulativeReward.mean": {
            "value": -102.6247751959439,
            "min": -102.63544852273506,
            "max": -101.69647249682197,
            "count": 17
        },
        "SelfDrive.Environment.CumulativeReward.sum": {
            "value": -5952.236961364746,
            "min": -5952.760345458984,
            "max": -5845.239151000977,
            "count": 17
        },
        "SelfDrive.Policy.ExtrinsicReward.mean": {
            "value": -102.6247751959439,
            "min": -102.63544852273506,
            "max": -101.69647249682197,
            "count": 17
        },
        "SelfDrive.Policy.ExtrinsicReward.sum": {
            "value": -5952.236961364746,
            "min": -5952.760345458984,
            "max": -5845.239151000977,
            "count": 17
        },
        "SelfDrive.Policy.GailReward.mean": {
            "value": 0.0005137862709120732,
            "min": 0.0002933266032409408,
            "max": 0.1467114029459353,
            "count": 17
        },
        "SelfDrive.Policy.GailReward.sum": {
            "value": 0.029799603712900247,
            "min": 0.016719616384733627,
            "max": 8.362549967918312,
            "count": 17
        },
        "SelfDrive.IsTraining.mean": {
            "value": 1.0,
            "min": 1.0,
            "max": 1.0,
            "count": 17
        },
        "SelfDrive.IsTraining.sum": {
            "value": 1.0,
            "min": 1.0,
            "max": 1.0,
            "count": 17
        }
    },
    "metadata": {
        "timer_format_version": "0.1.0",
        "start_time_seconds": "1707876270",
        "python_version": "3.9.13 (tags/v3.9.13:6de2ca5, May 17 2022, 16:36:42) [MSC v.1929 64 bit (AMD64)]",
        "command_line_arguments": "C:\\Users\\lukew\\OneDrive\\Desktop\\Project\\Car Simulation\\venv\\Scripts\\mlagents-learn SelfDriveSAC.yaml --run-id=NewRewardsChangeDistanceNegRewardSAC --time-scale=20 --no-graphics --force",
        "mlagents_version": "0.30.0",
        "mlagents_envs_version": "0.30.0",