{
    "name": "root",
    "gauges": {
        "SelfDrive.Policy.Entropy.mean": {
            "value": 1.1774511337280273,
            "min": 1.1774511337280273,
            "max": 1.1804468631744385,
            "count": 10
        },
        "SelfDrive.Policy.Entropy.sum": {
            "value": 24427.40234375,
            "min": 21504.970703125,
            "max": 24900.75390625,
            "count": 10
        },
        "SelfDrive.Environment.EpisodeLength.mean": {
            "value": 1219.3529411764705,
            "min": 1214.4,
            "max": 1240.4705882352941,
            "count": 10
        },
        "SelfDrive.Environment.EpisodeLength.sum": {
            "value": 20729.0,
            "min": 18216.0,
            "max": 21088.0,
            "count": 10
        },
        "SelfDrive.Step.mean": {
            "value": 4199664.0,
            "min": 4019443.0,
            "max": 4199664.0,
            "count": 10
        },
        "SelfDrive.Step.sum": {
            "value": 4199664.0,
            "min": 4019443.0,
            "max": 4199664.0,
            "count": 10
        },
        "SelfDrive.Policy.ExtrinsicValueEstimate.mean": {
            "value": 35.78334426879883,
            "min": 35.48857116699219,
            "max": 36.13216018676758,
            "count": 10
        },
        "SelfDrive.Policy.ExtrinsicValueEstimate.sum": {
            "value": 608.3168334960938,
            "min": 504.8455810546875,
            "max": 611.3169555664062,
            "count": 10
        },
        "SelfDrive.Policy.CuriosityValueEstimate.mean": {
            "value": 0.2923485338687897,
            "min": 0.1405460089445114,
            "max": 0.2923485338687897,
            "count": 10
        },
        "SelfDrive.Policy.CuriosityValueEstimate.sum": {
            "value": 4.9699249267578125,
            "min": 2.2487361431121826,
            "max": 4.9699249267578125,
            "count": 10
        },
        "SelfDrive.Environment.CumulativeReward.mean": {
            "value": 1341.1630141314338,
            "min": 1260.3799629211426,
            "max": 1341.1630141314338,
            "count": 10
        },
        "SelfDrive.Environment.CumulativeReward.sum": {
            "value": 22799.771240234375,
            "min": 18305.970092773438,
            "max": 22799.771240234375,
            "count": 10
        },
        "SelfDrive.Policy.ExtrinsicReward.mean": {
            "value": 1341.1630141314338,
            "min": 1260.3799629211426,
            "max": 1341.1630141314338,
            "count": 10
        },
        "SelfDrive.Policy.ExtrinsicReward.sum": {
            "value": 22799.771240234375,
            "min": 18305.970092773438,
            "max": 22799.771240234375,
            "count": 10
        },
        "SelfDrive.Policy.CuriosityReward.mean": {
            "value": 10.690411735983457,
            "min": 0.0,
            "max": 13.745383739471436,
            "count": 10
        },
        "SelfDrive.Policy.CuriosityReward.sum": {
            "value": 181.73699951171875,
            "min": 0.0,
            "max": 219.92613983154297,
            "count": 10
        },
        "SelfDrive.IsTraining.mean": {
            "value": 1.0,
            "min": 1.0,
            "max": 1.0,
            "count": 10
        },
        "SelfDrive.IsTraining.sum": {
            "value": 1.0,
            "min": 1.0,
            "max": 1.0,
            "count": 10
        },
        "SelfDrive.Losses.PolicyLoss.mean": {
            "value": 0.04922379237134232,
            "min": 0.04033434629595295,
            "max": 0.04922379237134232,
            "count": 3
        },
        "SelfDrive.Losses.PolicyLoss.sum": {
            "value": 0.04922379237134232,
            "min": 0.04033434629595295,
            "max": 0.04922379237134232,
            "count": 3
        },
        "SelfDrive.Losses.ValueLoss.mean": {
            "value": 3.2773730963468553,
            "min": 3.2773730963468553,
            "max": 45.30176626046499,
            "count": 3
        },
        "SelfDrive.Losses.ValueLoss.sum": {
            "value": 3.2773730963468553,
            "min": 3.2773730963468553,
            "max": 45.30176626046499,
            "count": 3
        },
        "SelfDrive.Policy.LearningRate.mean": {
            "value": 3.3460274561190554e-06,
            "min": 3.3460274561190554e-06,
            "max": 1.053595363090475e-05,
            "count": 3
        },
        "SelfDrive.Policy.LearningRate.sum": {
            "value": 3.3460274561190554e-06,
            "min": 3.3460274561190554e-06,
            "max": 1.053595363090475e-05,
            "count": 3
        },
        "SelfDrive.Policy.Epsilon.mean": {
            "value": 0.10167296428571432,
            "min": 0.10167296428571432,
            "max": 0.10526792857142858,
            "count": 3
        },
        "SelfDrive.Policy.Epsilon.sum": {
            "value": 0.10167296428571432,
            "min": 0.10167296428571432,
            "max": 0.10526792857142858,
            "count": 3
        },
        "SelfDrive.Policy.Beta.mean": {
            "value": 4.3347754761904855e-05,
            "min": 4.3347754761904855e-05,
            "max": 0.00011500737619047602,
            "count": 3
        },
        "SelfDrive.Policy.Beta.sum": {
            "value": 4.3347754761904855e-05,
            "min": 4.3347754761904855e-05,
            "max": 0.00011500737619047602,
            "count": 3
        },
        "SelfDrive.Losses.CuriosityForwardLoss.mean": {
            "value": 0.10538909475756239,
            "min": 0.10538909475756239,
            "max": 0.14891994456068064,
            "count": 3
        },
        "SelfDrive.Losses.CuriosityForwardLoss.sum": {
            "value": 0.10538909475756239,
            "min": 0.10538909475756239,
            "max": 0.14891994456068064,
            "count": 3
        },
        "SelfDrive.Losses.CuriosityInverseLoss.mean": {
            "value": 1.863045895221282,
            "min": 1.863045895221282,
            "max": 2.0657989815565254,
            "count": 3
        },
        "SelfDrive.Losses.CuriosityInverseLoss.sum": {
            "value": 1.863045895221282,
            "min": 1.863045895221282,
            "max": 2.0657989815565254,
            "count": 3
        }
    },
    "metadata": {
        "timer_format_version": "0.1.0",
        "start_time_seconds": "1708544063",
        "python_version": "3.9.13 (tags/v3.9.13:6de2ca5, May 17 2022, 16:36:42) [MSC v.1929 64 bit (AMD64)]",
        "command_line_arguments": "C:\\Users\\lukew\\OneDrive\\Desktop\\Project\\Car Simulation\\venv\\Scripts\\mlagents-learn Assets\\SelfDrivePPO.yaml --run-id=4-256PositiveRewardsNoImitation --time-scale=0.5 --resume",
        "mlagents_version": "0.30.0",
        "mlagents_envs_version": "0.30.0",
        "communication_protocol_version": "1.5.0",
        "pytorch_version": "2.1.0+cpu",
        "numpy_version": "1.21.2",
        "end_time_seconds": "1708546504"
    },
    "total": 2440.3652521999998,
    "count": 1,
    "self": 0.005732399999942572,
    "children": {
        "run_training.setup": {
            "total": 0.07856220000000036,
            "count": 1,
            "self": 0.07856220000000036
        },
        "TrainerController.start_learning": {
            "total": 2440.2809576,
            "count": 1,
            "self": 4.497222700028033,
            "children": {
                "TrainerController._reset_env": {
                    "total": 6.478230600000001,
                    "count": 1,
                    "self": 6.478230600000001
                },
                "TrainerController.advance": {
                    "total": 2429.229099399972,
                    "count": 198568,
                    "self": 1.9634725999521834,
                    "children": {
                        "env_step": {
                            "total": 2427.2656268000196,
                            "count": 198568,