{
    "name": "root",
    "gauges": {
        "SelfDrive.Policy.Entropy.mean": {
            "value": 1.557849407196045,
            "min": 1.557849407196045,
            "max": 1.5702484846115112,
            "count": 5
        },
        "SelfDrive.Policy.Entropy.sum": {
            "value": 30951.3515625,
            "min": 9647.6064453125,
            "max": 31539.052734375,
            "count": 5
        },
        "SelfDrive.Step.mean": {
            "value": 1959744.0,
            "min": 1879844.0,
            "max": 1959744.0,
            "count": 5
        },
        "SelfDrive.Step.sum": {
            "value": 1959744.0,
            "min": 1879844.0,
            "max": 1959744.0,
            "count": 5
        },
        "SelfDrive.Policy.ExtrinsicValueEstimate.mean": {
            "value": 11.623435020446777,
            "min": 11.623435020446777,
            "max": 48.42674255371094,
            "count": 5
        },
        "SelfDrive.Policy.ExtrinsicValueEstimate.sum": {
            "value": 918.2513427734375,
            "min": 918.2513427734375,
            "max": 4213.12646484375,
            "count": 5
        },
        "SelfDrive.Policy.GailValueEstimate.mean": {
            "value": 0.024998528882861137,
            "min": 0.01885182410478592,
            "max": 0.03679195046424866,
            "count": 5
        },
        "SelfDrive.Policy.GailValueEstimate.sum": {
            "value": 1.974883794784546,
            "min": 0.8830068111419678,
            "max": 2.3463127613067627,
            "count": 5
        },
        "SelfDrive.Policy.CuriosityValueEstimate.mean": {
            "value": 0.250885009765625,
            "min": 0.19172817468643188,
            "max": 0.30309179425239563,
            "count": 5
        },
        "SelfDrive.Policy.CuriosityValueEstimate.sum": {
            "value": 19.819915771484375,
            "min": 7.274203300476074,
            "max": 19.819915771484375,
            "count": 5
        },
        "SelfDrive.Environment.EpisodeLength.mean": {
            "value": 690.5,
            "min": 578.2,
            "max": 2278.8,
            "count": 5
        },
        "SelfDrive.Environment.EpisodeLength.sum": {
            "value": 1381.0,
            "min": 1381.0,
            "max": 26431.0,
            "count": 5
        },
        "SelfDrive.Environment.CumulativeReward.mean": {
            "value": 692.3038598299026,
            "min": 646.911393125852,
            "max": 692.3038598299026,
            "count": 5
        },
        "SelfDrive.Environment.CumulativeReward.sum": {
            "value": 1384.6077196598053,
            "min": 1384.6077196598053,
            "max": 17107.535002157092,
            "count": 5
        },
        "SelfDrive.Policy.ExtrinsicReward.mean": {
            "value": 692.3038598299026,
            "min": 646.911393125852,
            "max": 692.3038598299026,
            "count": 5
        },
        "SelfDrive.Policy.ExtrinsicReward.sum": {
            "value": 1384.6077196598053,
            "min": 1384.6077196598053,
            "max": 17107.535002157092,
            "count": 5
        },
        "SelfDrive.Policy.GailReward.mean": {
            "value": 0.04372880940900359,
            "min": 0.04372880940900359,
            "max": 0.1360709097236395,
            "count": 5
        },
        "SelfDrive.Policy.GailReward.sum": {
            "value": 0.08745761881800718,
            "min": 0.08745761881800718,
            "max": 1.3118348389539523,
            "count": 5
        },
        "SelfDrive.Policy.CuriosityReward.mean": {
            "value": 0.45932346396148205,
            "min": 0.0,
            "max": 1.4253861711670954,
            "count": 5
        },
        "SelfDrive.Policy.CuriosityReward.sum": {
            "value": 0.9186469279229641,
            "min": 0.0,
            "max": 32.837898912490346,
            "count": 5
        },
        "SelfDrive.IsTraining.mean": {
            "value": 1.0,
            "min": 1.0,
            "max": 1.0,
            "count": 5
        },
        "SelfDrive.IsTraining.sum": {
            "value": 1.0,
            "min": 1.0,
            "max": 1.0,
            "count": 5
        },
        "SelfDrive.Losses.PolicyLoss.mean": {
            "value": 0.06596422589997929,
            "min": 0.06596422589997929,
            "max": 0.07204491723913634,
            "count": 4
        },
        "SelfDrive.Losses.PolicyLoss.sum": {
            "value": 0.06596422589997929,
            "min": 0.06596422589997929,
            "max": 0.07204491723913634,
            "count": 4
        },
        "SelfDrive.Losses.ValueLoss.mean": {
            "value": 10.744056851044297,
            "min": 10.744056851044297,
            "max": 30.482864876389502,
            "count": 4
        },
        "SelfDrive.Losses.ValueLoss.sum": {
            "value": 10.744056851044297,
            "min": 10.744056851044297,
            "max": 30.482864876389502,
            "count": 4
        },
        "SelfDrive.Policy.LearningRate.mean": {
            "value": 9.804332995667201e-05,
            "min": 9.804332995667201e-05,
            "max": 9.810498989501201e-05,
            "count": 4
        },
        "SelfDrive.Policy.LearningRate.sum": {
            "value": 9.804332995667201e-05,
            "min": 9.804332995667201e-05,
            "max": 9.810498989501201e-05,
            "count": 4
        },
        "SelfDrive.Policy.Epsilon.mean": {
            "value": 0.19804332800000002,
            "min": 0.19804332800000002,
            "max": 0.19810498800000004,
            "count": 4
        },
        "SelfDrive.Policy.Epsilon.sum": {
            "value": 0.19804332800000002,
            "min": 0.19804332800000002,
            "max": 0.19810498800000004,
            "count": 4
        },
        "SelfDrive.Policy.Beta.mean": {
            "value": 0.004902362067200001,
            "min": 0.004902362067200001,
            "max": 0.004905438901200001,
            "count": 4
        },
        "SelfDrive.Policy.Beta.sum": {
            "value": 0.004902362067200001,
            "min": 0.004902362067200001,
            "max": 0.004905438901200001,
            "count": 4
        },
        "SelfDrive.Policy.GAILPolicyEstimate.mean": {
            "value": 0.0020719961742440775,
            "min": 0.0020719961742440775,
            "max": 0.00399161986020303,
            "count": 4
        },
        "SelfDrive.Policy.GAILPolicyEstimate.sum": {
            "value": 0.0020719961742440775,
            "min": 0.0020719961742440775,
            "max": 0.00399161986020303,
            "count": 4
        },
        "SelfDrive.Policy.GAILExpertEstimate.mean": {
            "value": 0.99988086797297,
            "min": 0.9990117832000212,
            "max": 0.99988086797297,
            "count": 4
        },
        "SelfDrive.Policy.GAILExpertEstimate.sum": {
            "value": 0.99988086797297,
            "min": 0.9990117832000212,
            "max": 0.99988086797297,
            "count": 4
        },
        "SelfDrive.Losses.GAILLoss.mean": {
            "value": 0.0023626320817720626,
            "min": 0.0023626320817720626,
            "max": 0.005417063296777087,
            "count": 4
        },
        "SelfDrive.Losses.GAILLoss.sum": {
            "value": 0.0023626320817720626,
            "min": 0.0023626320817720626,
            "max": 0.005417063296777087,
            "count": 4
        },
        "SelfDrive.Policy.GAILGradMagLoss.mean": {
            "value": 0.00713318885089393,
            "min": 0.00506874582076211,
            "max": 0.008098554666248673,
            "count": 4
        },
        "SelfDrive.Policy.GAILGradMagLoss.sum": {
            "value": 0.00713318885089393,
            "min": 0.00506874582076211,
            "max": 0.008098554666248673,
            "count": 4
        },
        "SelfDrive.Losses.CuriosityForwardLoss.mean": {
            "value": 0.042306943505536765,