{
    "name": "root",
    "metadata": {
        "timer_format_version": "0.1.0",
        "start_time_seconds": "1707324678",
        "python_version": "3.9.13 (tags/v3.9.13:6de2ca5, May 17 2022, 16:36:42) [MSC v.1929 64 bit (AMD64)]",
        "command_line_arguments": "C:\\Users\\lukew\\OneDrive\\Desktop\\Project\\Car Simulation\\venv\\Scripts\\mlagents-learn SelfDrive.yaml --run-id=Test --resume --time-scale=2",
        "mlagents_version": "0.30.0",
        "mlagents_envs_version": "0.30.0",
        "communication_protocol_version": "1.5.0",
        "pytorch_version": "2.1.0+cpu",
        "numpy_version": "1.21.2",
        "end_time_seconds": "1707324692"
    },
    "total": 14.3487126,
    "count": 1,
    "self": 0.004721600000001658,
    "children": {
        "run_training.setup": {
            "total": 0.07271849999999969,
            "count": 1,
            "self": 0.07271849999999969
        },
        "TrainerController.start_learning": {
            "total": 14.271272499999998,
            "count": 1,
            "self": 0.010685700000001574,
            "children": {
                "TrainerController._reset_env": {
                    "total": 5.4857657,
                    "count": 1,
                    "self": 5.1119232,
                    "children": {
                        "demo_to_buffer": {
                            "total": 0.3738425000000003,
                            "count": 2,
                            "self": 6.210000000095306e-05,
                            "children": {
                                "load_demonstration": {
                                    "total": 0.007608599999999299,
                                    "count": 2,
                                    "self": 0.00744069999999919,
                                    "children": {
                                        "read_file": {
                                            "total": 0.00016790000000010963,
                                            "count": 2,
                                            "self": 0.00016790000000010963
                                        }
                                    }
                                },
                                "make_demo_buffer": {
                                    "total": 0.36617180000000005,
                                    "count": 2,
                                    "self": 0.05169460000000203,
                                    "children": {
                                        "steps_from_proto": {
                                            "total": 0.314477199999998,
                                            "count": 3044,
                                            "self": 0.1252498999999263,
                                            "children": {
                                                "_process_rank_one_or_two_observation": {
                                                    "total": 0.1892273000000717,
                                                    "count": 12176,
                                                    "self": 0.1892273000000717
                                                }
                                            }
                                        }
                                    }
                                }
                            }
                        }
                    }
                },
                "TrainerController.advance": {
                    "total": 8.6934954,
                    "count": 728,
                    "self": 0.010561499999976576,
                    "children": {
                        "env_step": {
                            "total": 8.620067699999982,
                            "count": 728,
                            "self": 8.167766499999942,
                            "children": {
                                "SubprocessEnvManager._take_step": {
                                    "total": 0.4454401000000141,
                                    "count": 728,
                                    "self": 0.02982259999998771,
                                    "children": {
                                        "TorchPolicy.evaluate": {
                                            "total": 0.4156175000000264,
                                            "count": 721,
                                            "self": 0.4156175000000264
                                        }
                                    }
                                },
                                "workers": {
                                    "total": 0.006861100000024933,
                                    "count": 727,
                                    "self": 0.0,
                                    "children": {
                                        "worker_root": {
                                            "total": 6.915901499999987,
                                            "count": 727,
                                            "is_parallel": true,
                                            "self": 1.6134992000000041,
                                            "children": {
                                                "steps_from_proto": {
                                                    "total": 0.0002607000000001136,
                                                    "count": 1,
                                                    "is_parallel": true,
                                                    "self": 8.220000000047634e-05,
                                                    "children": {
                                                        "_process_rank_one_or_two_observation": {
                                                            "total": 0.00017849999999963728,
                                                            "count": 4,
                                                            "is_parallel": true,
                                                            "self": 0.00017849999999963728
                                                        }
                                                    }
                                                },
                                                "UnityEnvironment.step": {
                                                    "total": 5.302141599999983,
                                                    "count": 727,
                                                    "is_parallel": true,
                                                    "self": 0.03925769999995765,
                                                    "children": {
                                                        "UnityEnvironment._generate_step_input": {
                                                            "total": 0.030241900000000044,
                                                            "count": 727,
                                                            "is_parallel": true,
                                                            "self": 0.030241900000000044
                                                        },
                                                        "communicator.exchange": {
                                                            "total": 5.118485099999989,
                                                            "count": 727,
                                                            "is_parallel": true,
                                                            "self": 5.118485099999989
                                                        },
                                                        "steps_from_proto": {
                                                            "total": 0.11415690000003575,
                                                            "count": 727,
                                                            "is_parallel": true,