{
    "name": "root",
    "gauges": {
        "SelfDrive.Policy.Entropy.mean": {
            "value": 0.8742328882217407,
            "min": 0.8737373948097229,
            "max": 0.8762665390968323,
            "count": 11
        },
        "SelfDrive.Policy.Entropy.sum": {
            "value": 26452.5390625,
            "min": 8119.48583984375,
            "max": 26452.5390625,
            "count": 11
        },
        "SelfDrive.Environment.EpisodeLength.mean": {
            "value": 1307.4782608695652,
            "min": 1170.5,
            "max": 1322.2857142857142,
            "count": 11
        },
        "SelfDrive.Environment.EpisodeLength.sum": {
            "value": 30072.0,
            "min": 9256.0,
            "max": 30072.0,
            "count": 11
        },
        "SelfDrive.Step.mean": {
            "value": 3999032.0,
            "min": 3799786.0,
            "max": 3999032.0,
            "count": 11
        },
        "SelfDrive.Step.sum": {
            "value": 3999032.0,
            "min": 3799786.0,
            "max": 3999032.0,
            "count": 11
        },
        "SelfDrive.Policy.ExtrinsicValueEstimate.mean": {
            "value": 30.2652587890625,
            "min": 26.849830627441406,
            "max": 30.54562759399414,
            "count": 11
        },
        "SelfDrive.Policy.ExtrinsicValueEstimate.sum": {
            "value": 484.244140625,
            "min": 171.58816528320312,
            "max": 488.73004150390625,
            "count": 11
        },
        "SelfDrive.Policy.GailValueEstimate.mean": {
            "value": 0.07835978269577026,
            "min": 0.061828311532735825,
            "max": 0.09092813730239868,
            "count": 11
        },
        "SelfDrive.Policy.GailValueEstimate.sum": {
            "value": 1.2537565231323242,
            "min": 0.48278266191482544,
            "max": 1.454850196838379,
            "count": 11
        },
        "SelfDrive.Environment.CumulativeReward.mean": {
            "value": 1151.101360321045,
            "min": 960.3760053846571,
            "max": 1177.3512451171875,
            "count": 11
        },
        "SelfDrive.Environment.CumulativeReward.sum": {
            "value": 18417.62176513672,
            "min": 6956.596374511719,
            "max": 18772.81460571289,
            "count": 11
        },
        "SelfDrive.Policy.ExtrinsicReward.mean": {
            "value": 1151.101360321045,
            "min": 960.3760053846571,
            "max": 1177.3512451171875,
            "count": 11
        },
        "SelfDrive.Policy.ExtrinsicReward.sum": {
            "value": 18417.62176513672,
            "min": 6956.596374511719,
            "max": 18772.81460571289,
            "count": 11
        },
        "SelfDrive.Policy.GailReward.mean": {
            "value": 9.88162399828434,
            "min": 1.2123422174615068,
            "max": 12.939988940954208,
            "count": 11
        },
        "SelfDrive.Policy.GailReward.sum": {
            "value": 158.10598397254944,
            "min": 17.79796004295349,
            "max": 207.03982305526733,
            "count": 11
        },
        "SelfDrive.IsTraining.mean": {
            "value": 1.0,
            "min": 1.0,
            "max": 1.0,
            "count": 11
        },
        "SelfDrive.IsTraining.sum": {
            "value": 1.0,
            "min": 1.0,
            "max": 1.0,
            "count": 11
        },
        "SelfDrive.Losses.PolicyLoss.mean": {
            "value": 0.05004009467529428,
            "min": 0.0487548839197043,
            "max": 0.05101318799893122,
            "count": 4
        },
        "SelfDrive.Losses.PolicyLoss.sum": {
            "value": 0.05004009467529428,
            "min": 0.0487548839197043,
            "max": 0.05101318799893122,
            "count": 4
        },
        "SelfDrive.Losses.ValueLoss.mean": {
            "value": 2.105643264493164,
            "min": 2.0731313556281443,
            "max": 2.4549128309421735,
            "count": 4
        },
        "SelfDrive.Losses.ValueLoss.sum": {
            "value": 2.105643264493164,
            "min": 2.0731313556281443,
            "max": 2.4549128309421735,
            "count": 4
        },
        "SelfDrive.Policy.LearningRate.mean": {
            "value": 4.086248638250151e-07,
            "min": 4.086248638250151e-07,
            "max": 1.1766921077724992e-05,
            "count": 4
        },
        "SelfDrive.Policy.LearningRate.sum": {
            "value": 4.086248638250151e-07,
            "min": 4.086248638250151e-07,
            "max": 1.1766921077724992e-05,
            "count": 4
        },
        "SelfDrive.Policy.Epsilon.mean": {
            "value": 0.10020426249999996,
            "min": 0.10020426249999996,
            "max": 0.10588341249999997,
            "count": 4
        },
        "SelfDrive.Policy.Epsilon.sum": {
            "value": 0.10020426249999996,
            "min": 0.10020426249999996,
            "max": 0.10588341249999997,
            "count": 4
        },
        "SelfDrive.Policy.Beta.mean": {
            "value": 1.4071632500000152e-05,
            "min": 1.4071632500000152e-05,
            "max": 0.0001272760224999999,
            "count": 4
        },
        "SelfDrive.Policy.Beta.sum": {
            "value": 1.4071632500000152e-05,
            "min": 1.4071632500000152e-05,
            "max": 0.0001272760224999999,
            "count": 4
        },
        "SelfDrive.Policy.GAILPolicyEstimate.mean": {
            "value": 0.015659967916233617,
            "min": 0.014586257698282666,
            "max": 0.015659967916233617,
            "count": 4
        },
        "SelfDrive.Policy.GAILPolicyEstimate.sum": {
            "value": 0.015659967916233617,
            "min": 0.014586257698282666,
            "max": 0.015659967916233617,
            "count": 4
        },
        "SelfDrive.Policy.GAILExpertEstimate.mean": {
            "value": 0.9852562748960086,
            "min": 0.9852562748960086,
            "max": 0.9881269131820214,
            "count": 4
        },
        "SelfDrive.Policy.GAILExpertEstimate.sum": {
            "value": 0.9852562748960086,
            "min": 0.9852562748960086,
            "max": 0.9881269131820214,
            "count": 4
        },
        "SelfDrive.Losses.GAILLoss.mean": {
            "value": 0.03844149553416563,
            "min": 0.0336672259576153,
            "max": 0.03844149553416563,
            "count": 4
        },
        "SelfDrive.Losses.GAILLoss.sum": {
            "value": 0.03844149553416563,
            "min": 0.0336672259576153,
            "max": 0.03844149553416563,
            "count": 4
        },
        "SelfDrive.Policy.GAILGradMagLoss.mean": {
            "value": 0.020422029520482377,
            "min": 0.017084849921237148,
            "max": 0.020422029520482377,
            "count": 4
        },
        "SelfDrive.Policy.GAILGradMagLoss.sum": {
            "value": 0.020422029520482377,
            "min": 0.017084849921237148,
            "max": 0.020422029520482377,
            "count": 4
        }
    },
    "metadata": {
        "timer_format_version": "0.1.0",
        "start_time_seconds": "1708302750",
        "python_version": "3.9.13 (tags/v3.9.13:6de2ca5, May 17 2022, 16:36:42) [MSC v.1929 64 bit (AMD64)]",
        "command_line_arguments": "C:\\Users\\lukew\\OneDrive\\Desktop\\Project\\Car Simulation\\venv\\Scripts\\mlagents-learn SelfDrivePPO.yaml --run-id=4-256WORKING --time-scale=5 --resume",
        "mlagents_version": "0.30.0",
        "mlagents_envs_version": "0.30.0",
        "communication_protocol_version": "1.5.0",
        "pytorch_version": "2.1.0+cpu",
        "numpy_version": "1.21.2",
        "end_time_seconds": "1708303905"
    },
    "total": 1155.7495505,
    "count": 1,
    "self": 0.007001899999977468,
    "children": {
        "run_training.setup": {
            "total": 0.07841889999999996,
            "count": 1,