{
    "name": "root",
    "gauges": {
        "SelfDrive.Policy.Entropy.mean": {
            "value": 0.9201011657714844,
            "min": 0.9201010465621948,
            "max": 0.9201011657714844,
            "count": 2
        },
        "SelfDrive.Policy.Entropy.sum": {
            "value": 17883.0859375,
            "min": 16105.44921875,
            "max": 17883.0859375,
            "count": 2
        },
        "SelfDrive.Environment.EpisodeLength.mean": {
            "value": 924.5238095238095,
            "min": 924.5238095238095,
            "max": 971.3888888888889,
            "count": 2
        },
        "SelfDrive.Environment.EpisodeLength.sum": {
            "value": 19415.0,
            "min": 17485.0,
            "max": 19415.0,
            "count": 2
        },
        "SelfDrive.Step.mean": {
            "value": 1919306.0,
            "min": 1899984.0,
            "max": 1919306.0,
            "count": 2
        },
        "SelfDrive.Step.sum": {
            "value": 1919306.0,
            "min": 1899984.0,
            "max": 1919306.0,
            "count": 2
        },
        "SelfDrive.Policy.ExtrinsicValueEstimate.mean": {
            "value": 39.07390213012695,
            "min": 39.07390213012695,
            "max": 43.57577133178711,
            "count": 2
        },
        "SelfDrive.Policy.ExtrinsicValueEstimate.sum": {
            "value": 820.5519409179688,
            "min": 740.7880859375,
            "max": 820.5519409179688,
            "count": 2
        },
        "SelfDrive.Policy.GailValueEstimate.mean": {
            "value": 0.9795325398445129,
            "min": 0.9795325398445129,
            "max": 1.01426362991333,
            "count": 2
        },
        "SelfDrive.Policy.GailValueEstimate.sum": {
            "value": 20.57018280029297,
            "min": 17.242481231689453,
            "max": 20.57018280029297,
            "count": 2
        },
        "SelfDrive.Policy.CuriosityValueEstimate.mean": {
            "value": 12.236783981323242,
            "min": 9.007841110229492,
            "max": 12.236783981323242,
            "count": 2
        },
        "SelfDrive.Policy.CuriosityValueEstimate.sum": {
            "value": 256.97247314453125,
            "min": 153.13330078125,
            "max": 256.97247314453125,
            "count": 2
        },
        "SelfDrive.Environment.CumulativeReward.mean": {
            "value": 493.68120756603423,
            "min": 493.68120756603423,
            "max": 601.1630554199219,
            "count": 2
        },
        "SelfDrive.Environment.CumulativeReward.sum": {
            "value": 10367.305358886719,
            "min": 10219.771942138672,
            "max": 10367.305358886719,
            "count": 2
        },
        "SelfDrive.Policy.ExtrinsicReward.mean": {
            "value": 493.68120756603423,
            "min": 493.68120756603423,
            "max": 601.1630554199219,
            "count": 2
        },
        "SelfDrive.Policy.ExtrinsicReward.sum": {
            "value": 10367.305358886719,
            "min": 10219.771942138672,
            "max": 10367.305358886719,
            "count": 2
        },
        "SelfDrive.Policy.GailReward.mean": {
            "value": 8.418886309578305,
            "min": 8.418886309578305,
            "max": 11.166618774918948,
            "count": 2
        },
        "SelfDrive.Policy.GailReward.sum": {
            "value": 176.7966125011444,
            "min": 176.7966125011444,
            "max": 189.83251917362213,
            "count": 2
        },
        "SelfDrive.Policy.CuriosityReward.mean": {
            "value": 0.0,
            "min": 0.0,
            "max": 0.0,
            "count": 2
        },
        "SelfDrive.Policy.CuriosityReward.sum": {
            "value": 0.0,
            "min": 0.0,
            "max": 0.0,
            "count": 2
        },
        "SelfDrive.IsTraining.mean": {
            "value": 1.0,
            "min": 1.0,
            "max": 1.0,
            "count": 2
        },
        "SelfDrive.IsTraining.sum": {
            "value": 1.0,
            "min": 1.0,
            "max": 1.0,
            "count": 2
        }
    },
    "metadata": {
        "timer_format_version": "0.1.0",
        "start_time_seconds": "1708264593",
        "python_version": "3.9.13 (tags/v3.9.13:6de2ca5, May 17 2022, 16:36:42) [MSC v.1929 64 bit (AMD64)]",
        "command_line_arguments": "C:\\Users\\lukew\\OneDrive\\Desktop\\Project\\Car Simulation\\venv\\Scripts\\mlagents-learn SelfDrivePPO.yaml --run-id=4-256PositiveRewards2 --time-scale=2 --resume",
        "mlagents_version": "0.30.0",
        "mlagents_envs_version": "0.30.0",
        "communication_protocol_version": "1.5.0",
        "pytorch_version": "2.1.0+cpu",
        "numpy_version": "1.21.2",
        "end_time_seconds": "1708265127"
    },
    "total": 534.2578756,
    "count": 1,
    "self": 0.005207700000028126,
    "children": {
        "run_training.setup": {
            "total": 0.0751476000000002,
            "count": 1,
            "self": 0.0751476000000002
        },
        "TrainerController.start_learning": {
            "total": 534.1775203,
            "count": 1,
            "self": 2.210498699998766,
            "children": {
                "TrainerController._reset_env": {
                    "total": 22.647721599999997,
                    "count": 1,
                    "self": 22.340168699999996,
                    "children": {
                        "demo_to_buffer": {
                            "total": 0.307552900000001,
                            "count": 1,
                            "self": 3.2799999996058204e-05,
                            "children": {
                                "load_demonstration": {
                                    "total": 0.006761400000002027,
                                    "count": 1,
                                    "self": 0.006472100000003422,
                                    "children": {
                                        "read_file": {
                                            "total": 0.00028929999999860456,
                                            "count": 1,
                                            "self": 0.00028929999999860456
                                        }
                                    }
                                },
                                "make_demo_buffer": {
                                    "total": 0.30075870000000293,
                                    "count": 1,
                                    "self": 0.046018600000135024,
                                    "children": {
                                        "steps_from_proto": {
                                            "total": 0.2547400999998679,
                                            "count": 2796,
                                            "self": 0.11191679999979343,
                                            "children": {
                                                "_process_rank_one_or_two_observation": {
                                                    "total": 0.14282330000007448,
                                                    "count": 11184,
                                                    "self": 0.14282330000007448
                                                }
                                            }
                                        }
                                    }
                                }
                            }
                        }
                    }
                },
                "TrainerController.advance": {
                    "total": 509.22206140000134,
                    "count": 66080,
                    "self": 0.5629447999962167,
                    "children": {
                        "env_step": {
                            "total": 508.6591166000051,
                            "count": 66080,