{"count":1,"self":1031.2643584,"total":1414.9116259,"children":{"InitializeActuators":{"count":1,"self":0.0010159,"total":0.0010159,"children":null},"InitializeSensors":{"count":1,"self":0.0020387,"total":0.0020387,"children":null},"AgentSendState":{"count":382972,"self":8.6722311999999988,"total":12.2725093,"children":{"CollectObservations":{"count":127658,"self":0.1455603,"total":0.1455603,"children":null},"WriteActionMask":{"count":127658,"self":0.11223179999999999,"total":0.11223179999999999,"children":null},"RequestDecision":{"count":127658,"self":0.5019102,"total":3.342486,"children":{"AgentInfo.ToProto":{"count":127658,"self":0.5012603,"total":2.8405758,"children":{"GenerateSensorData":{"count":127658,"self":2.0840305999999997,"total":2.3393155,"children":{"RayPerceptionSensor.Perceive":{"count":127658,"self":0.2552849,"total":0.2552849,"children":null}}}}}}}}},"DecideAction":{"count":382972,"self":360.76789759999997,"total":360.767886,"children":null},"AgentAct":{"count":382972,"self":10.601683999999999,"total":10.603268499999999,"children":{"AgentInfo.ToProto":{"count":110,"self":5.6999999999999996E-05,"total":0.0015846,"children":{"GenerateSensorData":{"count":110,"self":0.0010148,"total":0.0015275999999999998,"children":{"RayPerceptionSensor.Perceive":{"count":110,"self":0.0005128,"total":0.0005128,"children":null}}}}}}}},"gauges":{"SelfDrive.CumulativeReward":{"count":110,"max":1486.97729,"min":19.7148514,"runningAverage":1265.97864,"value":1425.66406,"weightedAverage":1394.97351}},"metadata":{"timer_format_version":"0.1.0","start_time_seconds":"1708886978","unity_version":"2022.3.10f1","command_line_arguments":"C:\\Program Files\\Unity\\Hub\\Editor\\2022.3.10f1\\Editor\\Unity.exe -projectpath C:\\Users\\lukew\\Project\\Car Simulation -useHub -hubIPC -cloudEnvironment production -licensingIpc LicenseClient-lukew -hubSessionId a562d976-b461-4dc8-bfd3-963807020646 -accessToken MEtZNSG9XQV2owcsgqWWVQq54D_jM8ccOnszQaj9yec005f","communication_protocol_version":"1.5.0","com.unity.ml-agents_version":"2.0.1","scene_name":"SampleScene","end_time_seconds":"1708888393"}}