{"count":1,"self":72.4131072,"total":73.100784199999993,"children":{"InitializeActuators":{"count":1,"self":0.0015314999999999999,"total":0.0015314999999999999,"children":null},"InitializeSensors":{"count":1,"self":0.0031644999999999998,"total":0.0031644999999999998,"children":null},"AgentSendState":{"count":4592,"self":0.0887229,"total":0.142905,"children":{"CollectObservations":{"count":1531,"self":0.0371658,"total":0.0371658,"children":null},"WriteActionMask":{"count":1531,"self":0.0011099999999999999,"total":0.0011099999999999999,"children":null},"RequestDecision":{"count":1531,"self":0.015906299999999998,"total":0.015906299999999998,"children":null}}},"DecideAction":{"count":4592,"self":0.46380669999999996,"total":0.465852,"children":{"RayPerceptionSensor.Perceive":{"count":1531,"self":0.0020453,"total":0.0020453,"children":null}}},"AgentAct":{"count":4592,"self":0.0742231,"total":0.0742231,"children":null}},"gauges":{},"metadata":{"timer_format_version":"0.1.0","start_time_seconds":"1709605654","unity_version":"2022.3.10f1","command_line_arguments":"C:\\Program Files\\Unity\\Hub\\Editor\\2022.3.10f1\\Editor\\Unity.exe -projectpath C:\\Users\\lukew\\Project\\Car Simulation -useHub -hubIPC -cloudEnvironment production -licensingIpc LicenseClient-lukew -hubSessionId a562d976-b461-4dc8-bfd3-963807020646 -accessToken e2pp1D1a7RLFL2T2i9QMSPjBeB3voXa7KJ5Z6F18TL8005f","communication_protocol_version":"1.5.0","com.unity.ml-agents_version":"2.0.1","scene_name":"SampleScene","end_time_seconds":"1709605727"}}