{
    "name": "root",
    "gauges": {
        "SelfDrive.Policy.Entropy.mean": {
            "value": 1.3388497829437256,
            "min": 1.3388497829437256,
            "max": 1.4189382791519165,
            "count": 6
        },
        "SelfDrive.Policy.Entropy.sum": {
            "value": 13431.3408203125,
            "min": 13431.3408203125,
            "max": 14247.5595703125,
            "count": 6
        },
        "SelfDrive.Step.mean": {
            "value": 59998.0,
            "min": 9941.0,
            "max": 59998.0,
            "count": 6
        },
        "SelfDrive.Step.sum": {
            "value": 59998.0,
            "min": 9941.0,
            "max": 59998.0,
            "count": 6
        },
        "SelfDrive.Policy.ExtrinsicValueEstimate.mean": {
            "value": -3.5199968814849854,
            "min": -3.5199968814849854,
            "max": -0.13951146602630615,
            "count": 6
        },
        "SelfDrive.Policy.ExtrinsicValueEstimate.sum": {
            "value": -415.359619140625,
            "min": -415.359619140625,
            "max": -14.788215637207031,
            "count": 6
        },
        "SelfDrive.Policy.GailValueEstimate.mean": {
            "value": 0.11257458478212357,
            "min": 0.02002139389514923,
            "max": 0.11257458478212357,
            "count": 6
        },
        "SelfDrive.Policy.GailValueEstimate.sum": {
            "value": 13.283801078796387,
            "min": 2.142289161682129,
            "max": 13.283801078796387,
            "count": 6
        },
        "SelfDrive.Environment.EpisodeLength.mean": {
            "value": 274.8888888888889,
            "min": 271.7631578947368,
            "max": 664.0666666666667,
            "count": 6
        },
        "SelfDrive.Environment.EpisodeLength.sum": {
            "value": 9896.0,
            "min": 9426.0,
            "max": 10450.0,
            "count": 6
        },
        "SelfDrive.Environment.CumulativeReward.mean": {
            "value": 32.23020857733649,
            "min": -234.7861353079478,
            "max": 32.23020857733649,
            "count": 6
        },
        "SelfDrive.Environment.CumulativeReward.sum": {
            "value": 1192.5177173614502,
            "min": -3521.792029619217,
            "max": 1192.5177173614502,
            "count": 6
        },
        "SelfDrive.Policy.ExtrinsicReward.mean": {
            "value": 32.23020857733649,
            "min": -234.7861353079478,
            "max": 32.23020857733649,
            "count": 6
        },
        "SelfDrive.Policy.ExtrinsicReward.sum": {
            "value": 1192.5177173614502,
            "min": -3521.792029619217,
            "max": 1192.5177173614502,
            "count": 6
        },
        "SelfDrive.Policy.GailReward.mean": {
            "value": 0.051566455494164096,
            "min": 0.051566455494164096,
            "max": 4.73692329004407,
            "count": 6
        },
        "SelfDrive.Policy.GailReward.sum": {
            "value": 1.9079588532840717,
            "min": 1.9079588532840717,
            "max": 71.05384935066104,
            "count": 6
        },
        "SelfDrive.IsTraining.mean": {
            "value": 1.0,
            "min": 1.0,
            "max": 1.0,
            "count": 6
        },
        "SelfDrive.IsTraining.sum": {
            "value": 1.0,
            "min": 1.0,
            "max": 1.0,
            "count": 6
        },
        "SelfDrive.Losses.PolicyLoss.mean": {
            "value": 0.07233725794758357,
            "min": 0.07161195784519805,
            "max": 0.07233725794758357,
            "count": 2
        },
        "SelfDrive.Losses.PolicyLoss.sum": {
            "value": 0.07233725794758357,
            "min": 0.07161195784519805,
            "max": 0.07233725794758357,
            "count": 2
        },
        "SelfDrive.Losses.ValueLoss.mean": {
            "value": 14.231074679195881,
            "min": 14.231074679195881,
            "max": 15.56708245292306,
            "count": 2
        },
        "SelfDrive.Losses.ValueLoss.sum": {
            "value": 14.231074679195881,
            "min": 14.231074679195881,
            "max": 15.56708245292306,
            "count": 2
        },
        "SelfDrive.Policy.LearningRate.mean": {
            "value": 0.000999589430041057,
            "min": 0.000999589430041057,
            "max": 0.0009997951800204822,
            "count": 2
        },
        "SelfDrive.Policy.LearningRate.sum": {
            "value": 0.000999589430041057,
            "min": 0.000999589430041057,
            "max": 0.0009997951800204822,
            "count": 2
        },
        "SelfDrive.Policy.Epsilon.mean": {
            "value": 0.19995894299999997,
            "min": 0.19995894299999997,
            "max": 0.19997951800000005,
            "count": 2
        },
        "SelfDrive.Policy.Epsilon.sum": {
            "value": 0.19995894299999997,
            "min": 0.19995894299999997,
            "max": 0.19997951800000005,
            "count": 2
        },
        "SelfDrive.Policy.Beta.mean": {
            "value": 0.004997951255700001,
            "min": 0.004997951255700001,
            "max": 0.004998977948199999,
            "count": 2
        },
        "SelfDrive.Policy.Beta.sum": {
            "value": 0.004997951255700001,
            "min": 0.004997951255700001,
            "max": 0.004998977948199999,
            "count": 2
        },
        "SelfDrive.Policy.GAILPolicyEstimate.mean": {
            "value": 0.024312467267154716,
            "min": 0.024312467267154716,
            "max": 0.061015768027864396,
            "count": 2
        },
        "SelfDrive.Policy.GAILPolicyEstimate.sum": {
            "value": 0.024312467267154716,
            "min": 0.024312467267154716,
            "max": 0.061015768027864396,
            "count": 2
        },
        "SelfDrive.Policy.GAILExpertEstimate.mean": {
            "value": 0.9657748648524285,
            "min": 0.9222021839767695,
            "max": 0.9657748648524285,
            "count": 2
        },
        "SelfDrive.Policy.GAILExpertEstimate.sum": {
            "value": 0.9657748648524285,
            "min": 0.9222021839767695,
            "max": 0.9657748648524285,
            "count": 2
        },
        "SelfDrive.Losses.GAILLoss.mean": {
            "value": 0.06263342283898965,
            "min": 0.06263342283898965,
            "max": 0.16146607044152916,
            "count": 2
        },
        "SelfDrive.Losses.GAILLoss.sum": {
            "value": 0.06263342283898965,
            "min": 0.06263342283898965,
            "max": 0.16146607044152916,
            "count": 2
        },
        "SelfDrive.Policy.GAILGradMagLoss.mean": {
            "value": 0.10688937207218259,
            "min": 0.10688937207218259,
            "max": 0.908780908882618,
            "count": 2
        },
        "SelfDrive.Policy.GAILGradMagLoss.sum": {
            "value": 0.10688937207218259,
            "min": 0.10688937207218259,
            "max": 0.908780908882618,
            "count": 2
        },
        "SelfDrive.Losses.PretrainingLoss.mean": {
            "value": 0.9689854582150778,
            "min": 0.9689854582150778,
            "max": 1.092057959238688,
            "count": 2
        },
        "SelfDrive.Losses.PretrainingLoss.sum": {
            "value": 0.9689854582150778,
            "min": 0.9689854582150778,
            "max": 1.092057959238688,
            "count": 2
        }
    },
    "metadata": {
        "timer_format_version": "0.1.0",
        "start_time_seconds": "1707712096",
        "python_version": "3.9.13 (tags/v3.9.13:6de2ca5, May 17 2022, 16:36:42) [MSC v.1929 64 bit (AMD64)]",
        "command_line_arguments": "C:\\Users\\lukew\\OneDrive\\Desktop\\Project\\Car Simulation\\venv\\Scripts\\mlagents-learn SelfDrivePPO.yaml --run-id=NewRewards --force --time-scale=20 --no-graphics",
        "mlagents_version": "0.30.0",