{
    "name": "root",
    "gauges": {
        "SelfDrive.Policy.Entropy.mean": {
            "value": 1.4599642753601074,
            "min": 1.4109147787094116,
            "max": 1.4599642753601074,
            "count": 23
        },
        "SelfDrive.Policy.Entropy.sum": {
            "value": 29500.0390625,
            "min": 28044.75390625,
            "max": 29500.0390625,
            "count": 23
        },
        "SelfDrive.Step.mean": {
            "value": 459979.0,
            "min": 19947.0,
            "max": 459979.0,
            "count": 23
        },
        "SelfDrive.Step.sum": {
            "value": 459979.0,
            "min": 19947.0,
            "max": 459979.0,
            "count": 23
        },
        "SelfDrive.Policy.ExtrinsicValueEstimate.mean": {
            "value": 5.935354232788086,
            "min": -19.395814895629883,
            "max": 22.165231704711914,
            "count": 23
        },
        "SelfDrive.Policy.ExtrinsicValueEstimate.sum": {
            "value": 522.3111572265625,
            "min": -1861.9981689453125,
            "max": 2194.35791015625,
            "count": 23
        },
        "SelfDrive.Policy.GailValueEstimate.mean": {
            "value": 0.8509157299995422,
            "min": 0.05393974110484123,
            "max": 1.556990623474121,
            "count": 23
        },
        "SelfDrive.Policy.GailValueEstimate.sum": {
            "value": 74.88058471679688,
            "min": 5.340034484863281,
            "max": 155.69906616210938,
            "count": 23
        },
        "SelfDrive.Policy.CuriosityValueEstimate.mean": {
            "value": 7.35584831237793,
            "min": 0.7001330852508545,
            "max": 10.671895027160645,
            "count": 23
        },
        "SelfDrive.Policy.CuriosityValueEstimate.sum": {
            "value": 647.3146362304688,
            "min": 77.01464080810547,
            "max": 1425.822998046875,
            "count": 23
        },
        "SelfDrive.Environment.EpisodeLength.mean": {
            "value": 458.22727272727275,
            "min": 172.47863247863248,
            "max": 494.975,
            "count": 23
        },
        "SelfDrive.Environment.EpisodeLength.sum": {
            "value": 20162.0,
            "min": 19558.0,
            "max": 20300.0,
            "count": 23
        },
        "SelfDrive.Environment.CumulativeReward.mean": {
            "value": 198.06732524525034,
            "min": -100.01563614489986,
            "max": 218.69015069441363,
            "count": 23
        },
        "SelfDrive.Environment.CumulativeReward.sum": {
            "value": 8714.962310791016,
            "min": -5100.797443389893,
            "max": 16406.600357055664,
            "count": 23
        },
        "SelfDrive.Policy.ExtrinsicReward.mean": {
            "value": 198.06732524525034,
            "min": -100.01563614489986,
            "max": 218.69015069441363,
            "count": 23
        },
        "SelfDrive.Policy.ExtrinsicReward.sum": {
            "value": 8714.962310791016,
            "min": -5100.797443389893,
            "max": 16406.600357055664,
            "count": 23
        },
        "SelfDrive.Policy.GailReward.mean": {
            "value": 0.010491821485297592,
            "min": 0.010491821485297592,
            "max": 2.4894259928488265,
            "count": 23
        },
        "SelfDrive.Policy.GailReward.sum": {
            "value": 0.46164014535309406,
            "min": 0.46164014535309406,
            "max": 126.96072563529015,
            "count": 23
        },
        "SelfDrive.Policy.CuriosityReward.mean": {
            "value": 1.3410489477894523,
            "min": 0.0,
            "max": 75.67665419331752,
            "count": 23
        },
        "SelfDrive.Policy.CuriosityReward.sum": {
            "value": 59.0061537027359,
            "min": 0.0,
            "max": 3329.772784505971,
            "count": 23
        },
        "SelfDrive.IsTraining.mean": {
            "value": 1.0,
            "min": 1.0,
            "max": 1.0,
            "count": 23
        },
        "SelfDrive.IsTraining.sum": {
            "value": 1.0,
            "min": 1.0,
            "max": 1.0,
            "count": 23
        },
        "SelfDrive.Losses.PolicyLoss.mean": {
            "value": 0.07002037920706723,
            "min": 0.058969011562367085,
            "max": 0.07580035912901198,
            "count": 22
        },
        "SelfDrive.Losses.PolicyLoss.sum": {
            "value": 0.07002037920706723,
            "min": 0.058969011562367085,
            "max": 0.07580035912901198,
            "count": 22
        },
        "SelfDrive.Losses.ValueLoss.mean": {
            "value": 44.44990830273362,
            "min": 36.43827126026154,
            "max": 142.10036222457884,
            "count": 22
        },
        "SelfDrive.Losses.ValueLoss.sum": {
            "value": 44.44990830273362,
            "min": 36.43827126026154,
            "max": 142.10036222457884,
            "count": 22
        },
        "SelfDrive.Policy.LearningRate.mean": {
            "value": 9.954738245261798e-05,
            "min": 9.954738245261798e-05,
            "max": 9.997937602062399e-05,
            "count": 22
        },
        "SelfDrive.Policy.LearningRate.sum": {
            "value": 9.954738245261798e-05,
            "min": 9.954738245261798e-05,
            "max": 9.997937602062399e-05,
            "count": 22
        },
        "SelfDrive.Policy.Epsilon.mean": {
            "value": 0.24932107299999998,
            "min": 0.24932107299999998,
            "max": 0.24996906400000002,
            "count": 22
        },
        "SelfDrive.Policy.Epsilon.sum": {
            "value": 0.24932107299999998,
            "min": 0.24932107299999998,
            "max": 0.24996906400000002,
            "count": 22
        },
        "SelfDrive.Policy.Beta.mean": {
            "value": 0.009954783461799998,
            "min": 0.009954783461799998,
            "max": 0.009997939662400002,
            "count": 22
        },
        "SelfDrive.Policy.Beta.sum": {
            "value": 0.009954783461799998,
            "min": 0.009954783461799998,
            "max": 0.009997939662400002,
            "count": 22
        },
        "SelfDrive.Policy.GAILPolicyEstimate.mean": {
            "value": 0.003394142280767313,
            "min": 0.002960077339623511,
            "max": 0.0546549936721784,
            "count": 22
        },
        "SelfDrive.Policy.GAILPolicyEstimate.sum": {
            "value": 0.003394142280767313,
            "min": 0.002960077339623511,
            "max": 0.0546549936721784,
            "count": 22
        },
        "SelfDrive.Policy.GAILExpertEstimate.mean": {
            "value": 0.9979468792121603,
            "min": 0.9268653272101598,
            "max": 0.9979468792121603,
            "count": 22
        },
        "SelfDrive.Policy.GAILExpertEstimate.sum": {
            "value": 0.9979468792121603,
            "min": 0.9268653272101598,
            "max": 0.9979468792121603,
            "count": 22
        },
        "SelfDrive.Losses.GAILLoss.mean": {
            "value": 0.005783063488338513,
            "min": 0.005473715234374315,
            "max": 0.1445370363754145,
            "count": 22
        },
        "SelfDrive.Losses.GAILLoss.sum": {
            "value": 0.005783063488338513,
            "min": 0.005473715234374315,
            "max": 0.1445370363754145,
            "count": 22
        },
        "SelfDrive.Policy.GAILGradMagLoss.mean": {
            "value": 0.012658200361505613,
            "min": 0.012393583270854184,
            "max": 0.7648475131193488,
            "count": 22
        },
        "SelfDrive.Policy.GAILGradMagLoss.sum": {
            "value": 0.012658200361505613,
            "min": 0.012393583270854184,
            "max": 0.7648475131193488,
            "count": 22
        },