{
    "name": "root",
    "metadata": {
        "timer_format_version": "0.1.0",
        "start_time_seconds": "1707952430",
        "python_version": "3.9.13 (tags/v3.9.13:6de2ca5, May 17 2022, 16:36:42) [MSC v.1929 64 bit (AMD64)]",
        "command_line_arguments": "C:\\Users\\lukew\\OneDrive\\Desktop\\Project\\Car Simulation\\venv\\Scripts\\mlagents-learn SelfDrivePPO.yaml --run-id=5-256LayerTest --time-scale=30",
        "mlagents_version": "0.30.0",
        "mlagents_envs_version": "0.30.0",
        "communication_protocol_version": "1.5.0",
        "pytorch_version": "2.1.0+cpu",
        "numpy_version": "1.21.2",
        "end_time_seconds": "1707952461"
    },
    "total": 30.654327599999995,
    "count": 1,
    "self": 0.005405199999991339,
    "children": {
        "run_training.setup": {
            "total": 0.07511920000000005,
            "count": 1,
            "self": 0.07511920000000005
        },
        "TrainerController.start_learning": {
            "total": 30.573803200000004,
            "count": 1,
            "self": 0.09037719999976801,
            "children": {
                "TrainerController._reset_env": {
                    "total": 9.555631700000001,
                    "count": 1,
                    "self": 9.155758000000002,
                    "children": {
                        "demo_to_buffer": {
                            "total": 0.3998736999999988,
                            "count": 1,
                            "self": 7.179999999706865e-05,
                            "children": {
                                "load_demonstration": {
                                    "total": 0.013109100000001206,
                                    "count": 1,
                                    "self": 0.01218730000000079,
                                    "children": {
                                        "read_file": {
                                            "total": 0.0009218000000004167,
                                            "count": 1,
                                            "self": 0.0009218000000004167
                                        }
                                    }
                                },
                                "make_demo_buffer": {
                                    "total": 0.3866928000000005,
                                    "count": 1,
                                    "self": 0.06027019999994998,
                                    "children": {
                                        "steps_from_proto": {
                                            "total": 0.3264226000000505,
                                            "count": 2796,
                                            "self": 0.14443419999995477,
                                            "children": {
                                                "_process_rank_one_or_two_observation": {
                                                    "total": 0.18198840000009575,
                                                    "count": 11184,
                                                    "self": 0.18198840000009575
                                                }
                                            }
                                        }
                                    }
                                }
                            }
                        }
                    }
                },
                "TrainerController.advance": {
                    "total": 20.830288300000234,
                    "count": 6268,
                    "self": 0.040235600000439575,
                    "children": {
                        "env_step": {
                            "total": 20.790052699999794,
                            "count": 6268,
                            "self": 17.34423410000007,
                            "children": {
                                "SubprocessEnvManager._take_step": {
                                    "total": 3.3996525999998912,
                                    "count": 6268,
                                    "self": 0.20833059999982062,
                                    "children": {
                                        "TorchPolicy.evaluate": {
                                            "total": 3.1913220000000706,
                                            "count": 6260,
                                            "self": 3.1913220000000706
                                        }
                                    }
                                },
                                "workers": {
                                    "total": 0.046165999999834284,
                                    "count": 6267,
                                    "self": 0.0,
                                    "children": {
                                        "worker_root": {
                                            "total": 21.654308899999936,
                                            "count": 6267,
                                            "is_parallel": true,
                                            "self": 7.641331900000029,
                                            "children": {
                                                "steps_from_proto": {
                                                    "total": 0.00026680000000034454,
                                                    "count": 1,
                                                    "is_parallel": true,
                                                    "self": 7.839999999958991e-05,
                                                    "children": {
                                                        "_process_rank_one_or_two_observation": {
                                                            "total": 0.00018840000000075463,
                                                            "count": 4,
                                                            "is_parallel": true,
                                                            "self": 0.00018840000000075463
                                                        }
                                                    }
                                                },
                                                "UnityEnvironment.step": {
                                                    "total": 14.012710199999907,
                                                    "count": 6267,
                                                    "is_parallel": true,
                                                    "self": 0.3011265000003931,
                                                    "children": {
                                                        "UnityEnvironment._generate_step_input": {
                                                            "total": 0.22252409999975242,
                                                            "count": 6267,
                                                            "is_parallel": true,
                                                            "self": 0.22252409999975242
                                                        },
                                                        "communicator.exchange": {
                                                            "total": 12.593056800000035,
                                                            "count": 6267,
                                                            "is_parallel": true,
                                                            "self": 12.593056800000035
                                                        },
                                                        "steps_from_proto": {
                                                            "total": 0.8960027999997262,
                                                            "count": 6267,