{
    "name": "root",
    "gauges": {
        "SelfDrive.Policy.Entropy.mean": {
            "value": 0.8741654753684998,
            "min": 0.8741654753684998,
            "max": 0.8741655349731445,
            "count": 3
        },
        "SelfDrive.Policy.Entropy.sum": {
            "value": 17276.1328125,
            "min": 6608.69140625,
            "max": 17784.896484375,
            "count": 3
        },
        "SelfDrive.Environment.EpisodeLength.mean": {
            "value": 987.15,
            "min": 923.8181818181819,
            "max": 987.15,
            "count": 3
        },
        "SelfDrive.Environment.EpisodeLength.sum": {
            "value": 19743.0,
            "min": 7551.0,
            "max": 20324.0,
            "count": 3
        },
        "SelfDrive.Step.mean": {
            "value": 4059501.0,
            "min": 4019559.0,
            "max": 4059501.0,
            "count": 3
        },
        "SelfDrive.Step.sum": {
            "value": 4059501.0,
            "min": 4019559.0,
            "max": 4059501.0,
            "count": 3
        },
        "SelfDrive.Policy.ExtrinsicValueEstimate.mean": {
            "value": 27.223501205444336,
            "min": 26.499225616455078,
            "max": 28.751340866088867,
            "count": 3
        },
        "SelfDrive.Policy.ExtrinsicValueEstimate.sum": {
            "value": 544.4700317382812,
            "min": 201.25938415527344,
            "max": 582.9829711914062,
            "count": 3
        },
        "SelfDrive.Policy.GailValueEstimate.mean": {
            "value": 0.1316516101360321,
            "min": 0.12928535044193268,
            "max": 0.13825352489948273,
            "count": 3
        },
        "SelfDrive.Policy.GailValueEstimate.sum": {
            "value": 2.6330320835113525,
            "min": 0.9677746295928955,
            "max": 2.844277858734131,
            "count": 3
        },
        "SelfDrive.Environment.CumulativeReward.mean": {
            "value": 833.437068939209,
            "min": 737.1304269270463,
            "max": 904.269282749721,
            "count": 3
        },
        "SelfDrive.Environment.CumulativeReward.sum": {
            "value": 16668.74137878418,
            "min": 6329.884979248047,
            "max": 16668.74137878418,
            "count": 3
        },
        "SelfDrive.Policy.ExtrinsicReward.mean": {
            "value": 833.437068939209,
            "min": 737.1304269270463,
            "max": 904.269282749721,
            "count": 3
        },
        "SelfDrive.Policy.ExtrinsicReward.sum": {
            "value": 16668.74137878418,
            "min": 6329.884979248047,
            "max": 16668.74137878418,
            "count": 3
        },
        "SelfDrive.Policy.GailReward.mean": {
            "value": 82.79008452668786,
            "min": 73.71454001827674,
            "max": 94.61522184099469,
            "count": 3
        },
        "SelfDrive.Policy.GailReward.sum": {
            "value": 1655.8016905337572,
            "min": 662.3065528869629,
            "max": 1655.8016905337572,
            "count": 3
        },
        "SelfDrive.IsTraining.mean": {
            "value": 1.0,
            "min": 1.0,
            "max": 1.0,
            "count": 3
        },
        "SelfDrive.IsTraining.sum": {
            "value": 1.0,
            "min": 1.0,
            "max": 1.0,
            "count": 3
        }
    },
    "metadata": {
        "timer_format_version": "0.1.0",
        "start_time_seconds": "1708343800",
        "python_version": "3.9.13 (tags/v3.9.13:6de2ca5, May 17 2022, 16:36:42) [MSC v.1929 64 bit (AMD64)]",
        "command_line_arguments": "C:\\Users\\lukew\\OneDrive\\Desktop\\Project\\Car Simulation\\venv\\Scripts\\mlagents-learn Assets/SelfDrivePPO.yaml --run-id=4-256PositiveComplete --time-scale=2 --resume",
        "mlagents_version": "0.30.0",
        "mlagents_envs_version": "0.30.0",
        "communication_protocol_version": "1.5.0",
        "pytorch_version": "2.1.0+cpu",
        "numpy_version": "1.21.2",
        "end_time_seconds": "1708344259"
    },
    "total": 458.065605,
    "count": 1,
    "self": 0.004724199999998291,
    "children": {
        "run_training.setup": {
            "total": 0.09433760000000024,
            "count": 1,
            "self": 0.09433760000000024
        },
        "TrainerController.start_learning": {
            "total": 457.9665432,
            "count": 1,
            "self": 2.1283155000064653,
            "children": {
                "TrainerController._reset_env": {
                    "total": 8.6148753,
                    "count": 1,
                    "self": 8.2956702,
                    "children": {
                        "demo_to_buffer": {
                            "total": 0.3192050999999996,
                            "count": 1,
                            "self": 4.360000000147579e-05,
                            "children": {
                                "load_demonstration": {
                                    "total": 0.011480899999998684,
                                    "count": 1,
                                    "self": 0.011129699999999687,
                                    "children": {
                                        "read_file": {
                                            "total": 0.00035119999999899676,
                                            "count": 1,
                                            "self": 0.00035119999999899676
                                        }
                                    }
                                },
                                "make_demo_buffer": {
                                    "total": 0.3076805999999994,
                                    "count": 1,
                                    "self": 0.04765040000000553,
                                    "children": {
                                        "steps_from_proto": {
                                            "total": 0.2600301999999939,
                                            "count": 2796,
                                            "self": 0.1143137000000678,
                                            "children": {
                                                "_process_rank_one_or_two_observation": {
                                                    "total": 0.14571649999992609,
                                                    "count": 11184,
                                                    "self": 0.14571649999992609
                                                }
                                            }
                                        }
                                    }
                                }
                            }
                        }
                    }
                },
                "TrainerController.advance": {
                    "total": 447.14581419999354,
                    "count": 56270,
                    "self": 0.4850878999897077,
                    "children": {
                        "env_step": {
                            "total": 446.66072630000383,
                            "count": 56270,
                            "self": 400.0319735000021,
                            "children": {
                                "SubprocessEnvManager._take_step": {
                                    "total": 46.0946672000005,
                                    "count": 56270,
                                    "self": 2.225747200003468,
                                    "children": {
                                        "TorchPolicy.evaluate": {
                                            "total": 43.86891999999703,
                                            "count": 56232,
                                            "self": 43.86891999999703
                                        }
                                    }
                                },