{
    "name": "root",
    "metadata": {
        "timer_format_version": "0.1.0",
        "start_time_seconds": "1709181638",
        "python_version": "3.9.13 (tags/v3.9.13:6de2ca5, May 17 2022, 16:36:42) [MSC v.1929 64 bit (AMD64)]",
        "command_line_arguments": "C:\\Users\\lukew\\OneDrive\\Desktop\\Project\\Car Simulation\\venv\\Scripts\\mlagents-learn Assets\\SelfDrivePPO.yaml --run-id=4-256-TrafficCurriculum --time-scale=2 --resume",
        "mlagents_version": "0.30.0",
        "mlagents_envs_version": "0.30.0",
        "communication_protocol_version": "1.5.0",
        "pytorch_version": "2.1.0+cpu",
        "numpy_version": "1.21.2",
        "end_time_seconds": "1709184241"
    },
    "total": 2603.4182334,
    "count": 1,
    "self": 0.004546100000425213,
    "children": {
        "run_training.setup": {
            "total": 0.10326849999999999,
            "count": 1,
            "self": 0.10326849999999999
        },
        "TrainerController.start_learning": {
            "total": 2603.3104187999998,
            "count": 1,
            "self": 3.95311159997118,
            "children": {
                "TrainerController._reset_env": {
                    "total": 3.3793325,
                    "count": 1,
                    "self": 3.3793325
                },
                "TrainerController.advance": {
                    "total": 2595.8959282000283,
                    "count": 171144,
                    "self": 1.7173076999952173,
                    "children": {
                        "env_step": {
                            "total": 2594.178620500033,
                            "count": 171144,
                            "self": 2455.780890099903,
                            "children": {
                                "SubprocessEnvManager._take_step": {
                                    "total": 136.4444204000547,
                                    "count": 171144,
                                    "self": 7.70677260012252,
                                    "children": {
                                        "TorchPolicy.evaluate": {
                                            "total": 128.73764779993218,
                                            "count": 171048,
                                            "self": 128.73764779993218
                                        }
                                    }
                                },
                                "workers": {
                                    "total": 1.9533100000752874,
                                    "count": 171143,
                                    "self": 0.0,
                                    "children": {
                                        "worker_root": {
                                            "total": 2533.2052300999417,
                                            "count": 171143,
                                            "is_parallel": true,
                                            "self": 291.74490809994177,
                                            "children": {
                                                "steps_from_proto": {
                                                    "total": 0.0003014999999999546,
                                                    "count": 1,
                                                    "is_parallel": true,
                                                    "self": 8.949999999963154e-05,
                                                    "children": {
                                                        "_process_rank_one_or_two_observation": {
                                                            "total": 0.00021200000000032304,
                                                            "count": 4,
                                                            "is_parallel": true,
                                                            "self": 0.00021200000000032304
                                                        }
                                                    }
                                                },
                                                "UnityEnvironment.step": {
                                                    "total": 2241.4600204999997,
                                                    "count": 171143,
                                                    "is_parallel": true,
                                                    "self": 12.63412109995761,
                                                    "children": {
                                                        "UnityEnvironment._generate_step_input": {
                                                            "total": 8.16079530003699,
                                                            "count": 171143,
                                                            "is_parallel": true,
                                                            "self": 8.16079530003699
                                                        },
                                                        "communicator.exchange": {
                                                            "total": 2186.032495800043,
                                                            "count": 171143,
                                                            "is_parallel": true,
                                                            "self": 2186.032495800043
                                                        },
                                                        "steps_from_proto": {
                                                            "total": 34.632608299962335,
                                                            "count": 171143,
                                                            "is_parallel": true,
                                                            "self": 11.84771910010302,
                                                            "children": {
                                                                "_process_rank_one_or_two_observation": {
                                                                    "total": 22.784889199859315,
                                                                    "count": 684572,
                                                                    "is_parallel": true,
                                                                    "self": 22.784889199859315
                                                                }
                                                            }
                                                        }
                                                    }
                                                }
                                            }
                                        }
                                    }
                                }
                            }
                        }
                    }
                },
                "TrainerController._save_models": {
                    "total": 0.08204650000016045,
                    "count": 1,
                    "self": 0.006809200000134297,
                    "children": {
                        "RLTrainer._checkpoint": {
                            "total": 0.07523730000002615,
                            "count": 1,
                            "self": 0.07523730000002615
                        }
                    }
                }
            }
        }
    }
}