{
    "name": "root",
    "gauges": {
        "SelfDrive.Policy.Entropy.mean": {
            "value": 1.4102215766906738,
            "min": 0.7364462614059448,
            "max": 2.349817991256714,
            "count": 4
        },
        "SelfDrive.Policy.Entropy.sum": {
            "value": 42199.46875,
            "min": 8140.67724609375,
            "max": 70518.0390625,
            "count": 4
        },
        "SelfDrive.Step.mean": {
            "value": 119912.0,
            "min": 29910.0,
            "max": 119912.0,
            "count": 4
        },
        "SelfDrive.Step.sum": {
            "value": 119912.0,
            "min": 29910.0,
            "max": 119912.0,
            "count": 4
        },
        "SelfDrive.Policy.ExtrinsicValue.mean": {
            "value": -2382.7470703125,
            "min": -2382.7470703125,
            "max": -226.93841552734375,
            "count": 4
        },
        "SelfDrive.Policy.ExtrinsicValue.sum": {
            "value": -714824.125,
            "min": -714824.125,
            "max": -26324.85546875,
            "count": 4
        },
        "SelfDrive.Policy.GailValue.mean": {
            "value": -2362.949951171875,
            "min": -2362.949951171875,
            "max": -225.03468322753906,
            "count": 4
        },
        "SelfDrive.Policy.GailValue.sum": {
            "value": -708885.0,
            "min": -708885.0,
            "max": -26104.0234375,
            "count": 4
        },
        "SelfDrive.Losses.PolicyLoss.mean": {
            "value": 2844.874382948729,
            "min": 197.06919242178975,
            "max": 2844.874382948729,
            "count": 4
        },
        "SelfDrive.Losses.PolicyLoss.sum": {
            "value": 8514709.028165545,
            "min": 215987.83489428158,
            "max": 8514709.028165545,
            "count": 4
        },
        "SelfDrive.Losses.ValueLoss.mean": {
            "value": 10031.689613687739,
            "min": 158.89969112237145,
            "max": 10031.689613687739,
            "count": 4
        },
        "SelfDrive.Losses.ValueLoss.sum": {
            "value": 30024847.0137674,
            "min": 174154.0614701191,
            "max": 30024847.0137674,
            "count": 4
        },
        "SelfDrive.Losses.Q1Loss.mean": {
            "value": 1957.448578912536,
            "min": 69.87629445952024,
            "max": 1957.448578912536,
            "count": 4
        },
        "SelfDrive.Losses.Q1Loss.sum": {
            "value": 5858643.5966852205,
            "min": 76584.41872763418,
            "max": 5858643.5966852205,
            "count": 4
        },
        "SelfDrive.Losses.Q2Loss.mean": {
            "value": 1945.270999020436,
            "min": 68.93447636285835,
            "max": 1945.270999020436,
            "count": 4
        },
        "SelfDrive.Losses.Q2Loss.sum": {
            "value": 5822196.100068165,
            "min": 75552.18609369276,
            "max": 5822196.100068165,
            "count": 4
        },
        "SelfDrive.Policy.ContinuousEntropyCoeff.mean": {
            "value": 13.073578046721245,
            "min": 1.3079373548379483,
            "max": 13.073578046721245,
            "count": 4
        },
        "SelfDrive.Policy.ContinuousEntropyCoeff.sum": {
            "value": 39129.219093836684,
            "min": 1433.4993409023914,
            "max": 39129.219093836684,
            "count": 4
        },
        "SelfDrive.Policy.LearningRate.mean": {
            "value": 0.0003,
            "min": 0.0003,
            "max": 0.0003,
            "count": 4
        },
        "SelfDrive.Policy.LearningRate.sum": {
            "value": 0.8978999999999999,
            "min": 0.3288,
            "max": 0.9020999999999999,
            "count": 4
        },
        "SelfDrive.Losses.PretrainingLoss.mean": {
            "value": 0.0,
            "min": 0.0,
            "max": 0.0018697260216272375,
            "count": 4
        },
        "SelfDrive.Losses.PretrainingLoss.sum": {
            "value": 0.0,
            "min": 0.0,
            "max": 5.622266147033103,
            "count": 4
        },
        "SelfDrive.Policy.GAILPolicyEstimate.mean": {
            "value": 0.020937920162271736,
            "min": 0.020937920162271736,
            "max": 0.08970372589299516,
            "count": 4
        },
        "SelfDrive.Policy.GAILPolicyEstimate.sum": {
            "value": 62.66719504567931,
            "min": 62.66719504567931,
            "max": 149.8515868421767,
            "count": 4
        },
        "SelfDrive.Policy.GAILExpertEstimate.mean": {
            "value": 0.9693838906594676,
            "min": 0.8870663160322484,
            "max": 0.9693838906594676,
            "count": 4
        },
        "SelfDrive.Policy.GAILExpertEstimate.sum": {
            "value": 2901.3659847437866,
            "min": 972.2246823713442,
            "max": 2901.3659847437866,
            "count": 4
        },
        "SelfDrive.Losses.GAILLoss.mean": {
            "value": 0.06655776092483784,
            "min": 0.06655776092483784,
            "max": 0.25708428497219116,
            "count": 4
        },
        "SelfDrive.Losses.GAILLoss.sum": {
            "value": 199.20737844803963,
            "min": 199.20737844803963,
            "max": 457.94420430120084,
            "count": 4
        },
        "SelfDrive.Policy.GAILGradMagLoss.mean": {
            "value": 0.05220945104024447,
            "min": 0.05220945104024447,
            "max": 0.4560652002061539,
            "count": 4
        },
        "SelfDrive.Policy.GAILGradMagLoss.sum": {
            "value": 156.2628869634517,
            "min": 156.2628869634517,
            "max": 499.84745942594463,
            "count": 4
        },
        "SelfDrive.Environment.EpisodeLength.mean": {
            "value": 20423.0,
            "min": 682.6,
            "max": 20423.0,
            "count": 4
        },
        "SelfDrive.Environment.EpisodeLength.sum": {
            "value": 20423.0,
            "min": 10239.0,
            "max": 28665.0,
            "count": 4
        },
        "SelfDrive.Environment.CumulativeReward.mean": {
            "value": -30844.2533493042,
            "min": -30844.2533493042,
            "max": -1184.5782348930836,
            "count": 4
        },
        "SelfDrive.Environment.CumulativeReward.sum": {
            "value": -30844.2533493042,
            "min": -40363.12298774719,
            "max": -17768.673523396254,
            "count": 4
        },
        "SelfDrive.Policy.ExtrinsicReward.mean": {
            "value": -30844.2533493042,
            "min": -30844.2533493042,
            "max": -1184.5782348930836,
            "count": 4
        },
        "SelfDrive.Policy.ExtrinsicReward.sum": {
            "value": -30844.2533493042,
            "min": -40363.12298774719,
            "max": -17768.673523396254,
            "count": 4
        },
        "SelfDrive.Policy.GailReward.mean": {
            "value": 17.072170239756815,
            "min": 0.8893495118090262,
            "max": 17.072170239756815,
            "count": 4
        },
        "SelfDrive.Policy.GailReward.sum": {
            "value": 17.072170239756815,
            "min": 13.340242677135393,
            "max": 17.780347800369782,
            "count": 4
        },
        "SelfDrive.IsTraining.mean": {
            "value": 1.0,
            "min": 1.0,
            "max": 1.0,
            "count": 4
        },
        "SelfDrive.IsTraining.sum": {
            "value": 1.0,
            "min": 1.0,
            "max": 1.0,
            "count": 4
        }
    },
    "metadata": {
        "timer_format_version": "0.1.0",
        "start_time_seconds": "1707437310",
        "python_version": "3.9.13 (tags/v3.9.13:6de2ca5, May 17 2022, 16:36:42) [MSC v.1929 64 bit (AMD64)]",