{
    "name": "root",
    "metadata": {
        "timer_format_version": "0.1.0",
        "start_time_seconds": "1707855248",
        "python_version": "3.9.13 (tags/v3.9.13:6de2ca5, May 17 2022, 16:36:42) [MSC v.1929 64 bit (AMD64)]",
        "command_line_arguments": "C:\\Users\\lukew\\OneDrive\\Desktop\\Project\\Car Simulation\\venv\\Scripts\\mlagents-learn SelfDrivePPO.yaml --run-id=NewRewardsChangeDistanceMultiple --time-scale=20 --no-graphics",
        "mlagents_version": "0.30.0",
        "mlagents_envs_version": "0.30.0",
        "communication_protocol_version": "1.5.0",
        "pytorch_version": "2.1.0+cpu",
        "numpy_version": "1.21.2",
        "end_time_seconds": "1707855291"
    },
    "total": 42.8602826,
    "count": 1,
    "self": 0.005451000000000761,
    "children": {
        "run_training.setup": {
            "total": 0.0870040000000003,
            "count": 1,
            "self": 0.0870040000000003
        },
        "TrainerController.start_learning": {
            "total": 42.7678276,
            "count": 1,
            "self": 0.04965519999996815,
            "children": {
                "TrainerController._reset_env": {
                    "total": 15.5655482,
                    "count": 1,
                    "self": 15.252912400000001,
                    "children": {
                        "demo_to_buffer": {
                            "total": 0.3126357999999989,
                            "count": 1,
                            "self": 3.319999999717993e-05,
                            "children": {
                                "load_demonstration": {
                                    "total": 0.010300799999999555,
                                    "count": 1,
                                    "self": 0.010018399999999872,
                                    "children": {
                                        "read_file": {
                                            "total": 0.0002823999999996829,
                                            "count": 1,
                                            "self": 0.0002823999999996829
                                        }
                                    }
                                },
                                "make_demo_buffer": {
                                    "total": 0.3023018000000022,
                                    "count": 1,
                                    "self": 0.047151000000084764,
                                    "children": {
                                        "steps_from_proto": {
                                            "total": 0.2551507999999174,
                                            "count": 2796,
                                            "self": 0.1131510999999712,
                                            "children": {
                                                "_process_rank_one_or_two_observation": {
                                                    "total": 0.14199969999994622,
                                                    "count": 11184,
                                                    "self": 0.14199969999994622
                                                }
                                            }
                                        }
                                    }
                                }
                            }
                        }
                    }
                },
                "TrainerController.advance": {
                    "total": 27.072185500000028,
                    "count": 4904,
                    "self": 0.05050749999993087,
                    "children": {
                        "env_step": {
                            "total": 25.77064430000008,
                            "count": 4904,
                            "self": 23.323806499999975,
                            "children": {
                                "SubprocessEnvManager._take_step": {
                                    "total": 2.4130409000003112,
                                    "count": 4904,
                                    "self": 0.15748950000009998,
                                    "children": {
                                        "TorchPolicy.evaluate": {
                                            "total": 2.2555514000002113,
                                            "count": 4901,
                                            "self": 2.2555514000002113
                                        }
                                    }
                                },
                                "workers": {
                                    "total": 0.03379689999979263,
                                    "count": 4903,
                                    "self": 0.0,
                                    "children": {
                                        "worker_root": {
                                            "total": 22.153403899999947,
                                            "count": 4903,
                                            "is_parallel": true,
                                            "self": 7.0417831000000195,
                                            "children": {
                                                "steps_from_proto": {
                                                    "total": 0.0003194000000004138,
                                                    "count": 1,
                                                    "is_parallel": true,
                                                    "self": 8.450000000159719e-05,
                                                    "children": {
                                                        "_process_rank_one_or_two_observation": {
                                                            "total": 0.0002348999999988166,
                                                            "count": 4,
                                                            "is_parallel": true,
                                                            "self": 0.0002348999999988166
                                                        }
                                                    }
                                                },
                                                "UnityEnvironment.step": {
                                                    "total": 15.111301399999927,
                                                    "count": 4903,
                                                    "is_parallel": true,
                                                    "self": 0.33625629999967543,
                                                    "children": {
                                                        "UnityEnvironment._generate_step_input": {
                                                            "total": 0.2846474999998758,
                                                            "count": 4903,
                                                            "is_parallel": true,
                                                            "self": 0.2846474999998758
                                                        },
                                                        "communicator.exchange": {
                                                            "total": 13.571768100000211,
                                                            "count": 4903,
                                                            "is_parallel": true,
                                                            "self": 13.571768100000211
                                                        },
                                                        "steps_from_proto": {
                                                            "total": 0.918629500000165,
                                                            "count": 4903,