{
    "name": "root",
    "gauges": {
        "SelfDrive.Policy.Entropy.mean": {
            "value": 1.2667803764343262,
            "min": 1.2667803764343262,
            "max": 1.2832504510879517,
            "count": 25
        },
        "SelfDrive.Policy.Entropy.sum": {
            "value": 25486.353515625,
            "min": 24982.5234375,
            "max": 25954.5390625,
            "count": 25
        },
        "SelfDrive.Step.mean": {
            "value": 2499803.0,
            "min": 2019715.0,
            "max": 2499803.0,
            "count": 25
        },
        "SelfDrive.Step.sum": {
            "value": 2499803.0,
            "min": 2019715.0,
            "max": 2499803.0,
            "count": 25
        },
        "SelfDrive.Policy.ExtrinsicValueEstimate.mean": {
            "value": 35.776161193847656,
            "min": 0.004923924338072538,
            "max": 39.68638229370117,
            "count": 25
        },
        "SelfDrive.Policy.ExtrinsicValueEstimate.sum": {
            "value": 1609.92724609375,
            "min": 0.2265005111694336,
            "max": 1785.88720703125,
            "count": 25
        },
        "SelfDrive.Policy.CuriosityValueEstimate.mean": {
            "value": 0.09977051615715027,
            "min": 0.08942195028066635,
            "max": 0.3454677164554596,
            "count": 25
        },
        "SelfDrive.Policy.CuriosityValueEstimate.sum": {
            "value": 4.489673137664795,
            "min": 3.8451437950134277,
            "max": 16.236982345581055,
            "count": 25
        },
        "SelfDrive.Environment.EpisodeLength.mean": {
            "value": 2290.0,
            "min": 876.3181818181819,
            "max": 2776.5714285714284,
            "count": 25
        },
        "SelfDrive.Environment.EpisodeLength.sum": {
            "value": 20610.0,
            "min": 18081.0,
            "max": 22204.0,
            "count": 25
        },
        "SelfDrive.Environment.CumulativeReward.mean": {
            "value": 780.6298681894938,
            "min": -17.57868428663774,
            "max": 965.1863549947739,
            "count": 25
        },
        "SelfDrive.Environment.CumulativeReward.sum": {
            "value": 7025.668813705444,
            "min": -386.7310543060303,
            "max": 7721.490839958191,
            "count": 25
        },
        "SelfDrive.Policy.ExtrinsicReward.mean": {
            "value": 780.6298681894938,
            "min": -17.57868428663774,
            "max": 965.1863549947739,
            "count": 25
        },
        "SelfDrive.Policy.ExtrinsicReward.sum": {
            "value": 7025.668813705444,
            "min": -386.7310543060303,
            "max": 7721.490839958191,
            "count": 25
        },
        "SelfDrive.Policy.CuriosityReward.mean": {
            "value": 2.99243467133662,
            "min": 0.8114848140000752,
            "max": 5.546810941025615,
            "count": 25
        },
        "SelfDrive.Policy.CuriosityReward.sum": {
            "value": 26.93191204202958,
            "min": 12.12865361535296,
            "max": 55.46810941025615,
            "count": 25
        },
        "SelfDrive.Losses.PolicyLoss.mean": {
            "value": 0.047677884257684044,
            "min": 0.04619007448096151,
            "max": 0.0534818102735638,
            "count": 25
        },
        "SelfDrive.Losses.PolicyLoss.sum": {
            "value": 0.19071153703073618,
            "min": 0.13857022344288453,
            "max": 0.2139272410942552,
            "count": 25
        },
        "SelfDrive.Losses.ValueLoss.mean": {
            "value": 24.785468794448036,
            "min": 7.96816815360671,
            "max": 36.022754678499126,
            "count": 25
        },
        "SelfDrive.Losses.ValueLoss.sum": {
            "value": 99.14187517779214,
            "min": 31.87267261442684,
            "max": 144.0910187139965,
            "count": 25
        },
        "SelfDrive.Policy.LearningRate.mean": {
            "value": 1.3585295471899936e-06,
            "min": 1.3585295471899936e-06,
            "max": 5.8736760421106665e-05,
            "count": 25
        },
        "SelfDrive.Policy.LearningRate.sum": {
            "value": 5.434118188759975e-06,
            "min": 5.434118188759975e-06,
            "max": 0.00022622804459076004,
            "count": 25
        },
        "SelfDrive.Policy.Epsilon.mean": {
            "value": 0.10067921499999999,
            "min": 0.10067921499999999,
            "max": 0.12936834,
            "count": 25
        },
        "SelfDrive.Policy.Epsilon.sum": {
            "value": 0.40271685999999995,
            "min": 0.30542076,
            "max": 0.5131138599999999,
            "count": 25
        },
        "SelfDrive.Policy.Beta.mean": {
            "value": 2.3539018999999937e-05,
            "min": 2.3539018999999937e-05,
            "max": 0.0005954089106666667,
            "count": 25
        },
        "SelfDrive.Policy.Beta.sum": {
            "value": 9.415607599999975e-05,
            "min": 9.415607599999975e-05,
            "max": 0.002294736276,
            "count": 25
        },
        "SelfDrive.Losses.CuriosityForwardLoss.mean": {
            "value": 0.012188979085407309,
            "min": 0.007826206810894378,
            "max": 0.04138502900735364,
            "count": 25
        },
        "SelfDrive.Losses.CuriosityForwardLoss.sum": {
            "value": 0.048755916341629235,
            "min": 0.030144243281545295,
            "max": 0.16554011602941457,
            "count": 25
        },
        "SelfDrive.Losses.CuriosityInverseLoss.mean": {
            "value": 2.214359094528925,
            "min": 2.0773737254596893,
            "max": 2.243594149166629,
            "count": 25
        },
        "SelfDrive.Losses.CuriosityInverseLoss.sum": {
            "value": 8.8574363781157,
            "min": 6.3040284327098295,
            "max": 8.974376596666517,
            "count": 25
        },
        "SelfDrive.IsTraining.mean": {
            "value": 1.0,
            "min": 1.0,
            "max": 1.0,
            "count": 25
        },
        "SelfDrive.IsTraining.sum": {
            "value": 1.0,
            "min": 1.0,
            "max": 1.0,
            "count": 25
        }
    },
    "metadata": {
        "timer_format_version": "0.1.0",
        "start_time_seconds": "1709554296",
        "python_version": "3.9.13 (tags/v3.9.13:6de2ca5, May 17 2022, 16:36:42) [MSC v.1929 64 bit (AMD64)]",
        "command_line_arguments": "C:\\Users\\lukew\\OneDrive\\Desktop\\Project\\Car Simulation\\venv\\Scripts\\mlagents-learn Assets\\SelfDrivePPO.yaml --run-id=4-256-TrafficCurriculumNextStopLights --time-scale=3 --resume",
        "mlagents_version": "0.30.0",
        "mlagents_envs_version": "0.30.0",
        "communication_protocol_version": "1.5.0",
        "pytorch_version": "2.1.0+cpu",
        "numpy_version": "1.21.2",
        "end_time_seconds": "1709557420"
    },
    "total": 3124.2138962,
    "count": 1,
    "self": 0.005894400000215683,
    "children": {
        "run_training.setup": {
            "total": 0.09412359999999964,
            "count": 1,
            "self": 0.09412359999999964
        },
        "TrainerController.start_learning": {
            "total": 3124.1138782,
            "count": 1,
            "self": 9.379424900138474,
            "children": {
                "TrainerController._reset_env": {
                    "total": 12.996678300000001,
                    "count": 1,
                    "self": 12.996678300000001
                },
                "TrainerController.advance": {
                    "total": 3101.6907358998615,
                    "count": 500138,
                    "self": 4.349157499763351,
                    "children": {
                        "env_step": {
                            "total": 3097.341578400098,
                            "count": 500138,